strategy,concurrency,repeat,request_id,group,queue_ms,processing_ms,end_to_end_ms,completed_at
fifo,1,1,standard-017,standard,14.141599999675236,108.74909999984084,122.98740000005637,2192.6891299
fifo,1,1,standard-012,standard,122.97880000005534,109.82620000004317,232.91100000005827,2192.7990758
fifo,1,1,standard-000,standard,232.9090999996879,109.86119999961375,342.8526999996393,2192.9090275
fifo,1,1,batch-013,batch,342.84859999979744,108.01609999998618,450.95790000004854,2193.0171434
fifo,1,1,standard-020,standard,450.96289999992223,108.27939999990122,559.3310999997811,2193.1255266
fifo,1,1,critical-004,critical,559.346000000005,108.33379999985482,667.855199999849,2193.2340586
fifo,1,1,critical-003,critical,667.862100000093,107.52869999987524,775.4886999996415,2193.3417007
fifo,1,1,critical-001,critical,775.4906000000119,109.09859999992477,884.6466999998484,2193.4508656
fifo,1,1,batch-005,batch,884.6483000002081,107.29479999963587,992.1051000001171,2193.558331
fifo,1,1,batch-003,batch,992.1050999996623,108.56770000009419,1100.7262999996783,2193.6669595
fifo,1,1,critical-007,critical,1100.726499999837,107.6362000003428,1208.469199999854,2193.7747105
fifo,1,1,batch-011,batch,1208.4725999998227,109.2211000000134,1317.7801000001637,2193.88403
fifo,1,1,standard-013,standard,1317.7870000004077,106.73240000005535,1424.6341000002758,2193.9908909
fifo,1,1,standard-009,standard,1424.6352000000115,107.56590000028154,1532.323599999927,2194.0985892
fifo,1,1,standard-019,standard,1532.322099999874,106.18710000017018,1638.5797999996612,2194.204856
fifo,1,1,batch-010,batch,1638.2351000002018,107.29109999965658,1745.6509999997252,2194.31229
fifo,1,1,standard-016,standard,1745.6363999999667,106.32349999968937,1852.0160999996733,2194.4186772
fifo,1,1,critical-002,critical,1852.0159999998214,104.91030000002866,1956.9860999999946,2194.5236551
fifo,1,1,standard-011,standard,1956.9867000000158,105.03449999987424,2062.085399999887,2194.6287623
fifo,1,1,batch-007,batch,2062.0857000003525,108.21960000021136,2170.357199999671,2194.7370419
fifo,1,1,batch-009,batch,2170.358899999883,106.26470000033805,2276.681599999847,2194.8433743
fifo,1,1,standard-001,standard,2276.6812999998365,106.40319999993153,2383.1457000001137,2194.9498465
fifo,1,1,standard-010,standard,2383.149200000389,107.40000000032524,2490.6173000003946,2195.0573247
fifo,1,1,standard-003,standard,2490.618600000289,110.80360000005385,2601.4909000000443,2195.168207
fifo,1,1,critical-005,critical,2601.486600000044,106.13359999979366,2707.6907000000574,2195.2744199
fifo,1,1,batch-002,batch,2707.690100000036,106.62920000004306,2814.3761999999697,2195.3811139
fifo,1,1,standard-002,standard,2814.375700000255,109.38800000030824,2923.8241999996717,2195.4905716
fifo,1,1,standard-008,standard,2923.825399999714,113.44139999982872,3037.3242000000573,2195.6040778
fifo,1,1,standard-004,standard,3037.328299999899,113.64820000017062,3156.8029000000024,2195.7235642
fifo,1,1,batch-012,batch,3156.8043000002035,108.1662999999935,3265.0346000000354,2195.8318028
fifo,1,1,batch-000,batch,3265.099299999747,108.68089999985386,3374.000899999828,2195.9407754
fifo,1,1,standard-006,standard,3374.000899999828,109.92639999994935,3483.9820000001964,2196.0507625
fifo,1,1,batch-004,batch,3483.9806999998473,108.64829999991343,3592.6754999995865,2196.1594622
fifo,1,1,batch-006,batch,3592.6730000001044,109.00360000005094,3701.745700000174,2196.2685452
fifo,1,1,batch-014,batch,3701.748000000407,108.59269999991739,3810.401499999898,2196.377207
fifo,1,1,critical-000,critical,3810.414199999741,126.03200000012293,3936.529900000096,2196.5033416
fifo,1,1,standard-015,standard,3936.533999999938,107.02289999971981,4043.616800000109,2196.6104331
fifo,1,1,standard-005,standard,4043.6202000000776,107.58720000012545,4151.263599999766,2196.7180841
fifo,1,1,standard-014,standard,4151.267700000062,108.28410000021904,4259.609100000034,2196.8264339
fifo,1,1,standard-007,standard,4259.607400000277,108.83739999962927,4368.502600000284,2196.9353365
fifo,1,1,critical-006,critical,4368.505399999776,107.99970000016401,4476.55850000001,2197.0433967
fifo,1,1,critical-008,critical,4476.558900000327,108.28200000014476,4584.900800000014,2197.1517465
fifo,1,1,batch-001,batch,4584.90299999994,108.16269999986616,4693.1070999999065,2197.2599583
fifo,1,1,batch-008,batch,4693.111800000224,110.97219999965091,4804.145399999925,2197.3710009
fifo,1,1,standard-018,standard,4804.146500000115,109.37960000001112,4913.564899999983,2197.4804247
fifo,1,2,critical-000,critical,15.18290000012712,108.40670000015962,123.77729999980147,2197.6056128
fifo,1,2,batch-008,batch,123.75470000006317,109.49319999963336,233.32269999991695,2197.7151893
fifo,1,2,batch-011,batch,233.31869999992705,108.18319999998494,341.57109999978275,2197.82345
fifo,1,2,standard-006,standard,341.56979999988835,110.13759999968897,451.85380000020814,2197.9337421
fifo,1,2,standard-014,standard,451.8514999999752,109.589700000015,561.5070999997442,2198.0434044
fifo,1,2,critical-004,critical,561.5053000001353,107.52170000023398,669.0926000001127,2198.1509989
fifo,1,2,batch-012,batch,669.0912000003664,109.5034999998461,778.7394000001768,2198.2606543
fifo,1,2,standard-000,standard,778.7350000003244,109.80199999994511,888.5851000000002,2198.3705119
fifo,1,2,standard-020,standard,888.5828999996193,107.43039999988468,996.081900000263,2198.4780193
fifo,1,2,critical-008,critical,996.0813000002418,108.2034000000931,1104.3464999997923,2198.586293
fifo,1,2,batch-000,batch,1104.3451999998979,109.68400000001566,1214.0942999999425,2198.6960483
fifo,1,2,batch-001,batch,1214.0950000002704,108.98559999986901,1323.201700000027,2198.8051651
fifo,1,2,standard-019,standard,1323.199299999942,108.44240000005811,1431.6829999997935,2198.9136537
fifo,1,2,batch-004,batch,1431.682599999931,107.4164000001474,1539.1563000002861,2199.0211346
fifo,1,2,batch-009,batch,1539.1571999998632,106.94370000010167,1646.1550999997598,2199.1281418
fifo,1,2,critical-005,critical,1646.1303000000953,108.968300000015,1755.16319999997,2199.2371818
fifo,1,2,critical-002,critical,1755.1628000001074,106.87089999964883,1862.0882999998685,2199.3441147
fifo,1,2,batch-002,batch,1862.0850000002065,107.68890000008469,1969.8309000000336,2199.4518674
fifo,1,2,critical-001,critical,1969.830699999875,107.98569999997198,2077.8761999999915,2199.5599204
fifo,1,2,batch-006,batch,2077.86249999981,107.9568999998628,2185.8664000001227,2199.6679306
fifo,1,2,batch-014,batch,2185.867099999996,107.75090000015553,2293.6813999999686,2199.7757533
fifo,1,2,standard-012,standard,2293.6822000001484,109.54560000027413,2403.2851000001756,2199.8853641
fifo,1,2,batch-003,batch,2403.2821999999214,106.43630000004123,2509.7657000001163,2199.9918529
fifo,1,2,standard-011,standard,2509.766600000148,110.33029999998689,2620.158100000026,2200.1022527
fifo,1,2,batch-013,batch,2620.1584000000366,106.66680000031192,2726.892499999849,2200.208994
fifo,1,2,critical-006,critical,2726.8982999999025,108.77660000005562,2835.760499999651,2200.3178691
fifo,1,2,standard-017,standard,2835.7616999996935,110.77519999980723,2946.5957000002163,2200.4287119
fifo,1,2,standard-016,standard,2946.5974999998252,108.67879999977959,3055.338600000141,2200.5374619
fifo,1,2,standard-009,standard,3055.3541999997833,109.90670000001046,3165.367099999912,2200.6474971
fifo,1,2,standard-008,standard,3165.367900000092,110.32010000008086,3275.75620000016,2200.757895
fifo,1,2,critical-007,critical,3275.7550000001174,108.79819999991014,3384.6026999999594,2200.86675
fifo,1,2,standard-004,standard,3384.602299999642,109.1340000002674,3493.834500000048,2200.9759893
fifo,1,2,standard-001,standard,3493.834600000355,109.14599999978236,3603.023899999698,2201.0851854
fifo,1,2,standard-007,standard,3603.0416999997215,109.26299999982803,3712.3751999997694,2201.1945443
fifo,1,2,standard-010,standard,3712.372899999991,108.50470000013956,3820.939900000212,2201.3031162
fifo,1,2,batch-010,batch,3820.9366000000955,107.91219999964596,3928.895300000022,2201.4110812
fifo,1,2,standard-003,standard,3928.8971000000856,109.98100000006161,4038.927600000079,2201.5211201
fifo,1,2,standard-018,standard,4038.927199999762,109.01630000034856,4147.997599999599,2201.6301968
fifo,1,2,standard-002,standard,4148.001399999885,108.35990000032325,4256.43859999991,2201.7386444
fifo,1,2,batch-005,batch,4256.436000000122,110.66339999979391,4367.153000000144,2201.8493687
fifo,1,2,standard-015,standard,4367.15200000026,108.58420000022306,4475.911100000303,2201.9581357
fifo,1,2,standard-013,standard,4475.910399999975,112.37369999980729,4588.3412999996835,2202.0705737
fifo,1,2,batch-007,batch,4588.339899999937,107.36009999982343,4695.7759000001715,2202.1780168
fifo,1,2,critical-003,critical,4695.777099999759,107.92579999997542,4803.768199999922,2202.286016
fifo,1,2,standard-005,standard,4803.640599999653,109.24759999988964,4912.948000000142,2202.3953427
fifo,1,3,standard-005,standard,15.41990000032456,110.13730000013311,125.70460000006278,2202.5214082
fifo,1,3,critical-001,critical,125.68999999984953,108.97479999994175,234.77080000020578,2202.6304955
fifo,1,3,standard-006,standard,234.76690000006784,109.3959999998333,344.3591000000197,2202.7400947
fifo,1,3,batch-003,batch,344.3591000000197,108.04119999966133,452.5969000001169,2202.8483409
fifo,1,3,batch-007,batch,452.59790000000066,108.3558999998786,561.0221000001729,2202.9567737
fifo,1,3,standard-000,standard,561.0216000000037,109.75779999989754,670.8308000002035,2203.0665895
fifo,1,3,batch-006,batch,670.8327000001191,108.86149999987538,779.7908999996253,2203.1755562
fifo,1,3,batch-009,batch,779.7915999999532,108.20689999991373,888.0616000001282,2203.2838338
fifo,1,3,standard-008,standard,888.0616999999802,109.12729999972726,997.2342000000936,2203.3930128
fifo,1,3,batch-001,batch,997.2346999998081,107.35129999966375,1104.6590999999353,2203.5004447
fifo,1,3,standard-011,standard,1104.6591999997872,108.52190000014161,1213.260900000023,2203.6090533
fifo,1,3,standard-007,standard,1213.2652000000235,107.9264999998486,1321.2610999999015,2203.7170603
fifo,1,3,standard-004,standard,1321.2627999996585,108.14979999986463,1429.4795000000704,2203.8252858
fifo,1,3,critical-004,critical,1429.4825000001765,109.76560000017344,1539.3098999998074,2203.9351229
fifo,1,3,critical-000,critical,1539.310099999966,108.38069999999789,1647.7497000000767,2204.0435699
fifo,1,3,batch-010,batch,1647.7509000001191,109.16720000022906,1756.9791000000805,2204.1528063
fifo,1,3,critical-006,critical,1756.9789000003766,110.11879999978191,1867.1590000003562,2204.2629937
fifo,1,3,standard-009,standard,1867.1590999997534,107.07009999987349,1974.2837999997391,2204.3701254
fifo,1,3,standard-012,standard,1974.2851000000883,109.54399999991438,2083.8910000002215,2204.4797401
fifo,1,3,batch-005,batch,2083.891300000232,108.97410000006857,2192.914099999598,2204.5887694
fifo,1,3,standard-003,standard,2192.9298000000017,107.19459999972969,2300.1999000002797,2204.6960619
fifo,1,3,standard-020,standard,2300.1994999999624,109.92779999969571,2410.1675000001705,2204.8060356
fifo,1,3,batch-011,batch,2410.1691000000756,108.82179999998698,2519.053800000165,2204.9149283
fifo,1,3,standard-019,standard,2519.05540000007,109.5367000002625,2628.657199999907,2205.0245387
fifo,1,3,standard-016,standard,2628.654600000118,108.73199999969074,2737.4715999999353,2205.1333641
fifo,1,3,batch-004,batch,2737.4730999999883,108.91229999970164,2846.512000000075,2205.2424106
fifo,1,3,standard-013,standard,2846.5135000001283,107.35169999998107,2953.925199999958,2205.3498301
fifo,1,3,standard-015,standard,2953.9244000002327,109.65540000006513,3063.626000000113,2205.4595374
fifo,1,3,critical-007,critical,3063.625299999785,108.25610000028973,3171.9235999999,2205.5678422
fifo,1,3,batch-008,batch,3171.9270999997207,106.7735999999968,3278.7395999998807,2205.6746644
fifo,1,3,batch-012,batch,3278.7380999998277,109.43770000039876,3388.230900000053,2205.7841623
fifo,1,3,critical-008,critical,3388.23100000036,109.29469999973662,3497.5703999998586,2205.8935081
fifo,1,3,batch-002,batch,3497.569199999816,108.07840000006763,3605.7001999997738,2206.0016459
fifo,1,3,standard-017,standard,3605.700799999795,109.74170000008598,3715.487199999643,2206.1114393
fifo,1,3,standard-001,standard,3715.4872999999498,108.75429999987318,3824.283199999627,2206.2202414
fifo,1,3,critical-005,critical,3824.282499999754,111.54249999981403,3935.8987000000525,2206.3318633
fifo,1,3,critical-003,critical,3935.89750000001,107.62809999960155,4043.568099999902,2206.4395394
fifo,1,3,critical-002,critical,4043.5708999998496,109.28539999986242,4153.108500000144,2206.5490862
fifo,1,3,batch-013,batch,4153.107400000408,109.57430000007662,4262.724300000173,2206.6587082
fifo,1,3,batch-014,batch,4262.7213999999185,108.49659999985306,4371.256200000062,2206.7672481
fifo,1,3,standard-002,standard,4371.255099999871,107.83349999974234,4479.12899999983,2206.8751275
fifo,1,3,standard-014,standard,4479.128200000105,108.20779999994556,4587.38779999976,2206.9833925
fifo,1,3,standard-010,standard,4587.38779999976,110.87170000018887,4698.308199999701,2207.094319
fifo,1,3,standard-018,standard,4698.30759999968,106.33000000007087,4804.677999999967,2207.200695
fifo,1,3,batch-000,batch,4804.677600000105,108.8116999999329,4913.529899999958,2207.309553
fifo,2,1,standard-003,standard,15.088999999989028,108.96080000020447,124.18959999968138,2207.4339735
fifo,2,1,standard-020,standard,15.124699999887525,108.9987000000292,124.22950000018318,2207.4340231
fifo,2,1,batch-000,batch,124.179599999934,107.35599999998158,231.6141000001153,2207.5414139
fifo,2,1,standard-014,standard,124.21899999981179,107.32770000004166,231.64120000001276,2207.5414465
fifo,2,1,critical-004,critical,231.60970000026282,108.43419999991966,340.09849999984,2207.6499085
fifo,2,1,standard-008,standard,231.6332999998849,108.45550000021831,340.12929999971675,2207.6499433
fifo,2,1,batch-002,batch,340.0967999996283,107.89810000005673,448.05570000016814,2207.7578738
fifo,2,1,critical-000,critical,340.12170000005426,107.92089999995369,448.0917999999292,2207.7579143
fifo,2,1,standard-013,standard,448.052799999914,111.47600000003877,559.5994999998766,2207.8694267
fifo,2,1,standard-018,standard,448.0843000001187,111.5018999998938,559.6361999996589,2207.8694674
fifo,2,1,standard-006,standard,559.5973999998023,108.54330000029222,668.2253999997556,2207.9780607
fifo,2,1,critical-008,critical,559.6292000000176,108.5957000000235,668.2940000000599,2207.9781331
fifo,2,1,batch-004,batch,668.2258999999249,108.0431000000317,776.4139999999315,2208.0862572
fifo,2,1,batch-012,batch,668.2874999996784,108.10429999992266,776.49190000011,2208.0863395
fifo,2,1,critical-005,critical,776.4028999999937,109.41259999981412,885.928199999853,2208.1957895
fifo,2,1,batch-009,batch,776.4751999998225,109.42279999972016,885.9537000003002,2208.1958198
fifo,2,1,standard-009,standard,885.9238999998524,109.89240000026257,995.8701999998993,2208.3057404
fifo,2,1,standard-011,standard,885.9464000001935,110.0467999999637,996.0350999999719,2208.3059093
fifo,2,1,standard-019,standard,995.9816000000501,107.68700000016906,1104.3332999997801,2208.4142115
fifo,2,1,standard-016,standard,996.0289999999077,107.70580000007612,1104.3776000001344,2208.4142596
fifo,2,1,critical-006,critical,1104.3322000000444,109.14110000021537,1213.5659000000487,2208.5234516
fifo,2,1,critical-001,critical,1104.370999999901,109.15129999966666,1213.5948000000099,2208.5234844
fifo,2,1,batch-006,batch,1213.5644999998476,108.3822999999029,1322.0000000001164,2208.6318935
fifo,2,1,critical-007,critical,1213.5878999997658,108.40159999997923,1322.0321000003423,2208.6319296
fifo,2,1,batch-001,batch,1321.9985000000634,109.01179999973465,1431.0685000000376,2208.7409698
fifo,2,1,standard-002,standard,1322.025300000405,109.03840000037235,1431.1087999999472,2208.7410142
fifo,2,1,standard-012,standard,1431.0679999998683,109.59090000005745,1540.7365999999456,2208.8506458
fifo,2,1,batch-003,batch,1431.1025000001791,109.60850000037681,1540.7725999998547,2208.8506855
fifo,2,1,standard-004,standard,1540.736299999935,108.35950000000594,1649.1667999998754,2208.9590841
fifo,2,1,standard-007,standard,1540.765900000224,108.37859999992361,1649.2035999999644,2208.9591246
fifo,2,1,standard-010,standard,1649.167000000034,109.40270000037344,1758.6419999997815,2209.0685666
fifo,2,1,standard-017,standard,1649.1974000000482,109.42690000001676,1758.6841000002096,2209.0686126
fifo,2,1,batch-007,batch,1758.6427999999614,108.38479999983974,1867.1056999996836,2209.1770377
fifo,2,1,batch-008,batch,1758.6765000000923,108.40699999971548,1867.144400000143,2209.1770818
fifo,2,1,critical-002,critical,1867.1048999999584,110.3424999996605,1977.5233000000298,2209.2874644
fifo,2,1,standard-005,standard,1867.1379000002162,110.36139999987427,1977.5618000003305,2209.2875075
fifo,2,1,batch-013,batch,1977.5230999998712,108.65830000011556,2086.2569999999323,2209.3962063
fifo,2,1,standard-000,standard,1977.5559999998222,108.68089999985386,2086.2998000002335,2209.3962528
fifo,2,1,batch-005,batch,2086.258000000271,108.30600000008417,2194.650399999773,2209.504607
fifo,2,1,critical-003,critical,2086.294199999884,108.34560000012061,2194.706899999801,2209.5046669
fifo,2,1,standard-015,standard,2194.652600000154,108.42580000007729,2303.1753999998728,2209.61314
fifo,2,1,batch-010,batch,2194.7000999998636,108.44300000007934,2303.214200000184,2209.6131823
fifo,2,1,batch-014,batch,2303.1771000000845,110.82919999989826,2414.0785999998116,2209.7240502
fifo,2,1,batch-011,batch,2303.208600000289,110.91780000015206,2414.1852999996445,2209.7241606
fifo,2,1,standard-001,standard,2414.081399999759,108.36699999981647,2522.5878999999622,2209.8325667
fifo,2,2,batch-012,batch,14.840800000001764,107.48569999987012,122.46920000006867,2209.9553164
fifo,2,2,critical-002,critical,14.852799999971467,107.52240000010715,122.51150000020061,2209.955371
fifo,2,2,standard-016,standard,122.45839999968666,107.00110000016139,229.55569999976433,2210.0624223
fifo,2,2,standard-005,standard,122.5005000001147,107.03550000016548,229.60620000003473,2210.0624783
fifo,2,2,critical-007,critical,229.55339999998614,108.37880000008226,338.03060000036567,2210.1709085
fifo,2,2,standard-002,standard,229.59700000001249,108.39719999967201,338.07019999994736,2210.1709531
fifo,2,2,standard-017,standard,338.0279999996674,109.25139999972089,447.35850000006394,2210.2802461
fifo,2,2,standard-012,standard,338.06209999966086,109.29110000006403,447.41149999981644,2210.2803036
fifo,2,2,standard-010,standard,447.3588999999265,109.54399999991438,557.0026000000325,2210.3898992
fifo,2,2,batch-005,batch,447.40390000015395,109.57319999988613,557.0494999997209,2210.3899503
fifo,2,2,batch-003,batch,557.0032999999057,115.9442999996827,673.0379999999059,2210.5059431
fifo,2,2,batch-010,batch,557.042200000069,115.97570000003543,673.0892999999014,2210.5059986
fifo,2,2,critical-005,critical,673.0388999999377,101.23810000004596,774.3739999996251,2210.6072879
fifo,2,2,standard-006,standard,673.0813000003764,101.26140000011219,774.4182999999794,2210.6073369
fifo,2,2,standard-007,standard,774.3726999997307,108.26589999987846,882.7227000001585,2210.7156457
fifo,2,2,standard-015,standard,774.4098999996822,108.29160000002958,882.7658000000156,2210.715694
fifo,2,2,standard-001,standard,882.7212999999574,109.17719999997644,991.9730000001437,2210.8249058
fifo,2,2,standard-000,standard,882.7582999997503,109.20209999994768,992.012700000032,2210.8249497
fifo,2,2,batch-006,batch,991.9715999999426,109.90149999997811,1101.9696999996995,2210.934911
fifo,2,2,batch-004,batch,992.0053000000735,109.85349999964455,1102.0088000000214,2210.9349542
fifo,2,2,batch-011,batch,1101.9682999999532,108.3427000003212,1210.3869000002305,2211.0433363
fifo,2,2,standard-019,standard,1102.0015000003696,108.36719999997513,1210.4288000000452,2211.0433824
fifo,2,2,standard-008,standard,1210.386500000368,105.53530000015598,1316.00490000028,2211.148963
fifo,2,2,critical-003,critical,1210.421100000076,105.55260000000999,1316.0441999998511,2211.1490067
fifo,2,2,batch-009,batch,1316.0021999997298,109.47059999989506,1425.5505999999514,2211.2585175
fifo,2,2,standard-004,standard,1316.0370000000512,109.48849999977028,1425.5846999999449,2211.2585558
fifo,2,2,batch-001,batch,1425.546899999972,108.20849999981874,1533.820299999661,2211.3667981
fifo,2,2,standard-011,standard,1425.5745999998908,108.2378000000972,1533.8647999997193,2211.3668469
fifo,2,2,standard-009,standard,1533.8192999997773,107.34709999996994,1641.250300000138,2211.4742365
fifo,2,2,critical-008,critical,1533.85789999993,107.37710000012157,1641.297399999985,2211.4742878
fifo,2,2,critical-001,critical,1641.2514999997256,107.39109999985885,1748.7270999999964,2211.5817219
fifo,2,2,critical-004,critical,1641.2900000000263,107.40430000032575,1748.76039999981,2211.5817595
fifo,2,2,standard-014,standard,1748.7264000001232,108.35489999999481,1857.1486000000732,2211.6901517
fifo,2,2,standard-018,standard,1748.7536000003274,108.37820000006104,1857.1923999998035,2211.6901994
fifo,2,2,standard-003,standard,1857.1493999997983,105.73680000015884,1962.9707999997663,2211.7959819
fifo,2,2,batch-008,batch,1857.185599999866,105.7476000000861,1963.0045999997492,2211.7960196
fifo,2,2,standard-020,standard,1962.9711999996289,108.43819999990956,2071.4802000002237,2211.9044993
fifo,2,2,batch-007,batch,1962.9789999999048,108.4805000000415,2071.5180999995937,2211.9045598
fifo,2,2,batch-002,batch,2071.46049999983,109.10289999992528,2180.663000000095,2212.0137128
fifo,2,2,batch-000,batch,2071.505399999751,109.11089999990509,2180.696700000226,2212.0137524
fifo,2,2,batch-013,batch,2180.659099999957,108.00370000015391,2288.729500000045,2212.1217912
fifo,2,2,critical-006,critical,2180.685799999992,108.02259999991293,2288.762499999848,2212.1218301
fifo,2,2,standard-013,standard,2288.724600000023,106.13829999965674,2394.92939999991,2212.228004
fifo,2,2,critical-000,critical,2288.75059999973,106.15789999974368,2394.963199999893,2212.228044
fifo,2,2,batch-014,batch,2394.9248000003536,107.82859999972061,2502.817999999934,2212.3359054
fifo,2,3,critical-008,critical,14.512500000364525,107.67059999989215,122.28559999994104,2212.4584562
fifo,2,3,batch-000,batch,14.51919999999518,107.71040000008725,122.32660000017859,2212.4585087
fifo,2,3,standard-018,standard,122.2778000001199,108.90569999992294,231.2855000000127,2212.5674739
fifo,2,3,batch-004,batch,122.31680000013512,108.94469999993817,231.34740000023157,2212.5675406
fifo,2,3,standard-009,standard,231.2888000001294,106.9923000000017,338.3891999997104,2212.6745871
fifo,2,3,critical-006,critical,231.3403999996808,107.04919999989215,338.4664000000157,2212.6746687
fifo,2,3,standard-008,standard,338.3958999997958,109.80070000005071,448.33550000021205,2212.7845422
fifo,2,3,batch-009,batch,338.45889999975043,109.82549999971525,448.40350000004037,2212.7846146
fifo,2,3,critical-007,critical,448.3396000000539,104.06149999971603,552.5136000001112,2212.8887292
fifo,2,3,batch-005,batch,448.3965999997963,104.09570000001622,552.5705999998536,2212.8887906
fifo,2,3,batch-012,batch,552.5112000000263,107.93250000006083,660.887399999865,2212.9971118
fifo,2,3,batch-014,batch,552.6786000000357,107.94549999991432,660.9313000003567,2212.9971601
fifo,2,3,standard-016,standard,660.8879000000343,128.70589999965887,790.1428000000124,2213.1263763
fifo,2,3,critical-000,critical,660.9228000002076,128.7387999996099,790.2186000001166,2213.1264569
fifo,2,3,critical-005,critical,790.14079999979,106.3441999999668,896.6043999998874,2213.2328481
fifo,2,3,standard-017,standard,790.2094000000943,106.36999999996988,896.6474999997445,2213.2328964
fifo,2,3,critical-003,critical,896.6021999999612,113.65989999967496,1010.3488999998262,2213.3466022
fifo,2,3,standard-004,standard,896.6400999997859,113.68320000019594,1010.3945000000749,2213.3466524
fifo,2,3,batch-013,batch,1010.3492999996888,104.62479999978314,1115.0888000001942,2213.4513507
fifo,2,3,standard-014,standard,1010.3878999998415,104.6929000003729,1115.1761000000988,2213.4514421
fifo,2,3,batch-011,batch,1115.0932999998986,108.37639999999737,1223.6143999998603,2213.5598843
fifo,2,3,standard-002,standard,1115.169799999876,108.33219999994981,1223.6674000000676,2213.5599414
fifo,2,3,standard-007,standard,1223.6174000004212,103.18830000005619,1329.4565999999577,2213.6657347
fifo,2,3,standard-006,standard,1223.6613999998553,103.20709999996325,1329.5004000001427,2213.6657828
fifo,2,3,batch-007,batch,1329.4568999999683,108.76610000013898,1438.307899999927,2213.7745941
fifo,2,3,standard-013,standard,1329.4940999999199,108.82659999970201,1438.3882000001904,2213.7746784
fifo,2,3,standard-010,standard,1438.3098000002974,104.14709999986371,1542.5912999999127,2213.8788854
fifo,2,3,standard-015,standard,1438.3851000002323,104.90449999997509,1543.3711999999105,2213.8796695
fifo,2,3,standard-019,standard,1543.3075999999346,106.28649999989648,1649.6995999996216,2213.9860022
fifo,2,3,standard-020,standard,1543.3655000001636,106.38190000008763,1649.8101000001952,2213.9861169
fifo,2,3,batch-008,batch,1649.6993999999177,105.59409999996205,1755.4524000001948,2214.0917632
fifo,2,3,critical-001,critical,1649.804800000311,105.65019999967262,1755.5267999996431,2214.0918417
fifo,2,3,standard-011,standard,1755.4552999999942,107.62549999981275,1863.2641999997759,2214.1995831
fifo,2,3,critical-002,critical,1755.5218000002242,107.65360000004875,1863.338399999975,2214.1996613
fifo,2,3,standard-000,standard,1863.2698999999775,106.4022999998997,1969.7901999998066,2214.3061174
fifo,2,3,batch-001,batch,1863.328100000217,106.56309999967561,1969.9728000000505,2214.3063076
fifo,2,3,batch-010,batch,1969.7868000002927,106.29280000011931,2076.3497999996616,2214.4126893
fifo,2,3,standard-012,standard,1969.9675000001662,106.31089999969845,2076.397199999974,2214.4127408
fifo,2,3,critical-004,critical,2076.349299999947,106.06349999989106,2182.498800000303,2214.5188465
fifo,2,3,standard-005,standard,2076.390199999878,106.08609999962937,2182.5376000001597,2214.5188896
fifo,2,3,batch-002,batch,2182.498200000282,108.28589999982796,2290.856100000383,2214.6272133
fifo,2,3,batch-006,batch,2182.5294000000213,108.32680000021355,2290.9128999999666,2214.6272743
fifo,2,3,batch-003,batch,2290.861699999823,109.15049999994153,2400.106600000072,2214.736472
fifo,2,3,standard-001,standard,2290.9076000000823,109.15660000000571,2400.139400000171,2214.7365088
fifo,2,3,standard-003,standard,2400.105100000019,106.75910000009026,2506.928700000117,2214.8433025
fifo,4,1,batch-011,batch,14.811999999892578,109.1908999997031,124.16760000041904,2214.9680747
fifo,4,1,standard-020,standard,14.816200000041135,109.21420000022408,124.18939999997747,2214.9681164
fifo,4,1,critical-002,critical,14.81740000008358,109.22299999992902,124.19529999988299,2214.9681327
fifo,4,1,critical-003,critical,14.820100000179082,109.2305000001943,124.20130000009522,2214.9681467
fifo,4,1,batch-014,batch,124.12760000006529,107.34050000019124,231.572000000142,2215.0755253
fifo,4,1,standard-019,standard,124.15620000001582,107.37340000014228,231.61430000027394,2215.0755754
fifo,4,1,standard-006,standard,124.16580000035538,107.38760000003822,231.6265999997995,2215.0755952
fifo,4,1,batch-001,batch,124.17160000040894,107.39820000026157,231.63500000009662,2215.0756109
fifo,4,1,batch-006,batch,231.55009999982212,106.9351999999526,338.6158999996951,2215.1825989
fifo,4,1,standard-011,standard,231.5857000003234,106.95800000030431,338.6558000001969,2215.1826467
fifo,4,1,batch-008,batch,231.59769999983837,106.9695999999567,338.6680999997225,2215.1826662
fifo,4,1,batch-003,batch,231.60659999985,106.97890000028565,338.6774000000514,2215.1826824
fifo,4,1,standard-002,standard,338.59449999999924,109.28859999967244,448.00630000008823,2215.2920187
fifo,4,1,batch-007,batch,338.62760000010894,109.31369999980234,448.0468000001565,2215.2920672
fifo,4,1,batch-010,batch,338.6398000002373,109.32289999982459,448.05619999988266,2215.2920833
fifo,4,1,standard-007,standard,338.6492999998154,109.33010000007926,448.06289999996807,2215.2920966
fifo,4,1,critical-006,critical,447.9851000000963,107.86289999987275,555.9540000003835,2215.399995
fifo,4,1,standard-005,standard,448.0207999999948,107.88760000014008,555.9905000000072,2215.4000381
fifo,4,1,batch-013,batch,448.0298000003131,107.8987999999299,555.9998999997333,2215.4000542
fifo,4,1,batch-002,batch,448.0361000000812,107.9080000004069,556.0067000001254,2215.4000676
fifo,4,1,critical-005,critical,555.9124999999767,107.78970000001209,663.8140000000021,2215.5079037
fifo,4,1,standard-013,standard,555.9425999999803,107.82459999973071,663.863499999934,2215.5079605
fifo,4,1,standard-012,standard,555.9518000000025,107.83589999982723,663.8763000000836,2215.5079796
fifo,4,1,standard-018,standard,555.958400000236,107.84409999996569,663.884500000222,2215.5079942
fifo,4,1,standard-000,standard,663.7958999999682,105.54600000023129,769.4762000000992,2215.6135934
fifo,4,1,standard-015,standard,663.8376999999309,105.57089999974778,769.5186000000831,2215.6136428
fifo,4,1,critical-007,critical,663.8498000002073,105.5793000000449,769.5278000001053,2215.6136585
fifo,4,1,batch-012,batch,663.8570000000072,105.58390000005602,769.5327000001271,2215.6136706
fifo,4,1,standard-001,standard,769.4573999997374,108.37379999975383,877.9464999997799,2215.7220917
fifo,4,1,batch-005,batch,769.492899999932,108.40520000010656,877.9958999998598,2215.7221476
fifo,4,1,standard-004,standard,769.4962000000487,108.41240000036123,877.9990999996699,2215.7221624
fifo,4,1,critical-000,critical,769.5012999997743,108.41849999997066,878.0050999998821,2215.7221746
fifo,4,1,batch-009,batch,877.9227999998511,106.1600000002727,984.2401999999311,2215.8284184
fifo,4,1,standard-003,standard,877.9642999998032,106.24050000023999,984.3572999998287,2215.8285419
fifo,4,1,standard-017,standard,877.9715999999098,106.29849999986618,984.4177999998465,2215.8286092
fifo,4,1,standard-010,standard,877.9775000002701,106.3067999998566,984.4266000000061,2215.8286246
fifo,4,1,batch-000,batch,984.2212000003201,107.6218000002882,1092.1223999998801,2215.9363287
fifo,4,1,standard-009,standard,984.3338000000585,107.65089999995325,1092.1679000002769,2215.9363803
fifo,4,1,standard-016,standard,984.3928000000233,107.65810000020792,1092.1760999999606,2215.9363945
fifo,4,1,batch-004,batch,984.4014000000243,107.66039999998611,1092.1800999999505,2215.9364043
fifo,4,1,critical-004,critical,1092.111599999953,108.12900000018999,1200.3445000000283,2216.0445754
fifo,4,1,critical-008,critical,1092.1443000002,108.1451999998535,1200.3771999998207,2216.0446146
fifo,4,1,standard-008,standard,1092.1513999996932,108.14749999963169,1200.3795000000537,2216.0446237
fifo,4,1,standard-014,standard,1092.1551000001273,108.147899999949,1200.3806000002442,2216.0446305
fifo,4,1,critical-001,critical,1200.3261999998358,108.58869999992748,1308.9928999997937,2216.1532502
fifo,4,2,critical-004,critical,15.606899999966117,109.84749999988708,125.63449999970544,2216.2793033
fifo,4,2,batch-007,batch,15.614399999776651,109.88809999980731,125.67699999999604,2216.2793636
fifo,4,2,batch-009,batch,15.619100000094477,109.90020000008371,125.69080000002941,2216.2793864
fifo,4,2,standard-012,standard,15.62419999982012,109.91229999990537,125.7024999999885,2216.2794056
fifo,4,2,critical-008,critical,125.6028999996488,108.0471000000216,233.80290000022796,2216.387513
fifo,4,2,critical-007,critical,125.64740000016172,108.13950000010664,233.90969999991285,2216.3876271
fifo,4,2,standard-002,standard,125.66199999992023,108.36460000018633,234.13540000001376,2216.3878608
fifo,4,2,standard-004,standard,125.67390000003797,108.4593999999015,234.22980000032112,2216.3879624
fifo,4,2,critical-002,critical,233.82679999986067,107.5949999999466,341.8827999998939,2216.4956219
fifo,4,2,batch-014,batch,233.88250000016342,107.6588000000811,341.9604000000618,2216.4957073
fifo,4,2,standard-014,standard,234.11190000024362,107.66890000013518,341.97050000011586,2216.4957251
fifo,4,2,standard-016,standard,234.2018000003918,107.67309999982899,341.9741000002432,2216.4957367
fifo,4,2,standard-010,standard,341.88159999985146,108.46339999989141,450.47329999988506,2216.6042423
fifo,4,2,standard-009,standard,341.9337000000269,108.49430000007487,450.5189999999857,2216.6042946
fifo,4,2,standard-008,standard,341.9429000000491,108.50469999968482,450.5288999998811,2216.6043119
fifo,4,2,critical-003,critical,341.94720000004963,108.51300000012998,450.5365999998503,2216.6043265
fifo,4,2,standard-017,standard,450.4632000002857,107.33739999977843,557.9353000002811,2216.7117311
fifo,4,2,standard-000,standard,450.4937000001519,107.37349999999424,557.9850000003717,2216.7117873
fifo,4,2,batch-002,batch,450.50380000020596,107.38249999985783,557.9957999998442,2216.7118044
fifo,4,2,standard-013,standard,450.51250000005894,107.45429999997214,558.0688999998529,2216.7118836
fifo,4,2,batch-012,batch,557.918299999983,108.87700000012046,666.9954999997572,2216.8208166
fifo,4,2,standard-011,standard,557.9617000003054,108.90289999997549,667.0386999999209,2216.820866
fifo,4,2,standard-015,standard,557.9931000002034,108.94770000004428,667.0824999996512,2216.8209165
fifo,4,2,standard-006,standard,558.0452000003788,108.96629999979268,667.0985000000655,2216.8209387
fifo,4,2,batch-010,batch,666.9795000002523,110.93570000002728,778.0800999998974,2216.9319264
fifo,4,2,standard-005,standard,667.014100000415,111.02329999994254,778.1856000001426,2216.9320385
fifo,4,2,batch-013,batch,667.058999999881,111.04020000038872,778.2028999999966,2216.9320625
fifo,4,2,batch-004,batch,667.073099999925,111.11470000014378,778.2784999999421,2216.9321445
fifo,4,2,standard-020,standard,778.0606999999691,108.21990000022197,886.562899999717,2217.0404378
fifo,4,2,batch-011,batch,778.1608000000233,108.22939999980008,886.6054999998596,2217.0404865
fifo,4,2,standard-018,standard,778.1761999999617,108.23600000003353,886.6143000000193,2217.0405016
fifo,4,2,batch-005,batch,778.2545000000027,108.2390999999916,886.6183000000092,2217.0405118
fifo,4,2,batch-008,batch,886.5485999999692,108.40129999996861,995.0573999999506,2217.148957
fifo,4,2,critical-000,critical,886.5821999997934,108.38669999975536,995.0951999999234,2217.1490008
fifo,4,2,standard-001,standard,886.5891999998894,108.37869999977556,995.0995999997758,2217.1490117
fifo,4,2,critical-005,critical,886.5928999998687,108.37809999975434,995.0990000002093,2217.1490183
fifo,4,2,batch-006,batch,995.039700000234,108.25699999986682,1103.3849999998893,2217.2573104
fifo,4,2,critical-001,critical,995.0696999999309,108.36169999993217,1103.5029999998187,2217.257435
fifo,4,2,standard-003,standard,995.0739000000794,108.39910000004238,1103.538800000024,2217.2574771
fifo,4,2,standard-007,standard,995.0744000002487,108.41259999961039,1103.5499999998137,2217.2574943
fifo,4,2,batch-001,batch,1103.4153000000515,107.75909999983924,1211.3555999999335,2217.3653074
fifo,4,2,batch-003,batch,1103.4812000002603,107.77640000014799,1211.3914000001387,2217.3653491
fifo,4,2,standard-019,standard,1103.5153000002538,107.77649999999994,1211.392899999737,2217.3653569
fifo,4,2,batch-000,batch,1103.5256000000118,107.77610000013738,1211.3933999999063,2217.3653632
fifo,4,2,critical-006,critical,1211.3404000001537,108.03409999971336,1319.451900000331,2217.4734287
fifo,4,3,critical-005,critical,15.513299999838637,107.81039999983477,123.6217000000579,2217.5975155
fifo,4,3,standard-013,standard,15.511800000240328,107.94859999987239,123.75049999991461,2217.5976729
fifo,4,3,standard-019,standard,15.513999999711814,107.93090000015582,123.76459999995859,2217.5976976
fifo,4,3,critical-006,critical,15.515900000082183,108.51730000013049,124.36230000002979,2217.5983047
fifo,4,3,critical-008,critical,123.59349999996994,108.65330000024187,233.1053999996584,2217.7070544
fifo,4,3,standard-015,standard,123.71510000002672,108.67910000024494,233.14430000027642,2217.707104
fifo,4,3,standard-017,standard,123.73040000011315,108.68620000019291,233.1493000001501,2217.7071176
fifo,4,3,standard-018,standard,124.33310000005804,108.71999999972104,233.17909999968833,2217.7071576
fifo,4,3,critical-007,critical,233.0775000000358,107.4625000001106,340.72869999999966,2217.8147144
fifo,4,3,critical-003,critical,233.11280000007173,107.49390000000858,340.7758000003014,2217.814768
fifo,4,3,standard-014,standard,233.11909999983982,107.5052000001051,340.7885999999962,2217.8147873
fifo,4,3,standard-000,standard,233.15110000021377,107.51580000032845,340.795000000071,2217.8148031
fifo,4,3,batch-003,batch,340.70900000006077,108.47020000028351,449.3130000000747,2217.9233281
fifo,4,3,batch-014,batch,340.7475999997587,108.49189999998998,449.3569999999636,2217.9233788
fifo,4,3,standard-004,standard,340.7608999996228,108.50040000013905,449.366899999859,2217.9233942
fifo,4,3,batch-006,batch,340.7698999999411,108.50660000005519,449.37270000036733,2217.9234064
fifo,4,3,standard-020,standard,449.2969000002631,107.14950000010504,556.5652999998747,2218.0306055
fifo,4,3,standard-010,standard,449.332300000151,107.26309999972727,556.6921999998158,2218.0307398
fifo,4,3,standard-005,standard,449.3391999999403,107.34930000035092,556.776699999773,2218.0308323
fifo,4,3,batch-000,batch,449.34509999984584,107.35579999982292,556.7838999995729,2218.0308456
fifo,4,3,standard-003,standard,556.5535999999156,105.92310000038196,662.8303999996206,2218.1368995
fifo,4,3,standard-002,standard,556.6885999996884,105.93859999971755,662.8676000000269,2218.1369436
fifo,4,3,batch-008,batch,556.7519999999604,105.94739999987723,662.8780999999435,2218.1369595
fifo,4,3,standard-006,standard,556.7592999996123,105.94979999996212,662.8806999997323,2218.1369677
fifo,4,3,batch-012,batch,662.8153999999995,109.66610000014043,772.5730000001931,2218.246666
fifo,4,3,standard-001,standard,662.840700000288,109.65759999999136,772.5916999997935,2218.2466964
fifo,4,3,standard-011,standard,662.8486999998131,109.65520000036122,772.5945000001957,2218.2467059
fifo,4,3,standard-009,standard,662.8499999997075,109.65470000019195,772.5952000000689,2218.2467133
fifo,4,3,standard-007,standard,772.5460000001476,108.64989999981844,881.2678999997843,2218.3553929
fifo,4,3,critical-001,critical,772.5644000001921,108.67890000008629,881.3044000003174,2218.355437
fifo,4,3,batch-001,batch,772.5688999998965,108.68959999970684,881.314900000234,2218.3554524
fifo,4,3,batch-007,batch,772.571699999844,108.69490000004589,881.3193999999385,2218.3554615
fifo,4,3,batch-011,batch,881.2545000000682,103.96179999997912,986.7404999999962,2218.4608868
fifo,4,3,batch-013,batch,881.2874000000193,103.93560000011348,986.7803999995886,2218.4609312
fifo,4,3,batch-010,batch,881.2975000000733,103.93599999997605,986.7896000000655,2218.4609452
fifo,4,3,standard-012,standard,881.302499999947,103.9375000000291,986.7964000000029,2218.4609562
fifo,4,3,critical-000,critical,986.7277000003014,106.9932999998855,1093.8274999998612,2218.5679943
fifo,4,3,standard-016,standard,986.7612999996709,107.01549999976123,1093.8664000000244,2218.5680376
fifo,4,3,batch-002,batch,986.7678000000524,107.02240000000529,1093.8732999998138,2218.5680515
fifo,4,3,standard-008,standard,986.7725999997674,107.02609999998458,1093.8771000000997,2218.5680612
fifo,4,3,critical-002,critical,1093.8117000000602,109.07859999997527,1202.9936999997517,2218.6771839
fifo,4,3,batch-005,batch,1093.842499999937,109.10259999991467,1203.0353000000105,2218.6772317
fifo,4,3,batch-009,batch,1093.8501999999062,109.10539999986213,1203.0391999996937,2218.6772416
fifo,4,3,critical-004,critical,1093.8532000000123,109.10640000020067,1203.0405000000428,2218.6772485
fifo,4,3,batch-004,batch,1202.976800000215,106.90900000008696,1309.9889999998595,2218.7842057
fifo,8,1,batch-004,batch,14.981000000261702,107.61129999991681,122.8360000000066,2218.9073767
fifo,8,1,standard-020,standard,14.993499999945925,107.66230000035648,122.89089999967473,2218.9074471
fifo,8,1,batch-005,batch,15.000200000031327,107.67690000011498,122.90530000018407,2218.9074688
fifo,8,1,batch-003,batch,15.007200000127341,107.68619999998919,122.91559999994206,2218.9074848
fifo,8,1,batch-001,batch,15.013799999906041,107.69710000022314,122.92680000018663,2218.9075011
fifo,8,1,critical-005,critical,15.021300000171323,107.70650000040405,122.9366000002301,2218.9075155
fifo,8,1,standard-001,standard,15.02940000000308,107.7156000001196,122.94770000016797,2218.9075311
fifo,8,1,batch-011,batch,15.035500000067259,107.7263000001949,122.95769999991535,2218.9075463
fifo,8,1,batch-007,batch,122.80250000003434,108.03799999985131,231.0629999997218,2219.0156561
fifo,8,1,standard-016,standard,122.85139999994499,108.06270000011864,231.10719999976936,2219.015705
fifo,8,1,standard-009,standard,122.86730000005264,108.07400000021516,231.12089999995078,2219.0157234
fifo,8,1,standard-006,standard,122.87849999984246,108.08319999978266,231.13120000016352,2219.0157382
fifo,8,1,batch-009,batch,122.8899999996429,108.09369999969931,231.14220000024943,2219.0157536
fifo,8,1,critical-003,critical,122.90059999986624,108.10300000002826,231.15299999972194,2219.0157688
fifo,8,1,batch-006,batch,122.9115000001002,108.1104999998388,231.16189999973358,2219.0157821
fifo,8,1,standard-008,standard,122.92180000031294,108.1159000000298,231.1690000001363,2219.0157941
fifo,8,1,standard-002,standard,231.0336999998981,105.69570000006934,336.922300000424,2219.1215519
fifo,8,1,standard-007,standard,231.07160000017757,105.72330000013608,336.9676000002073,2219.1216021
fifo,8,1,critical-006,critical,231.08300000012605,105.73139999996783,336.9763000000603,2219.1216175
fifo,8,1,batch-014,batch,231.09359999989465,105.73799999974653,336.98469999990266,2219.1216299
fifo,8,1,critical-008,critical,231.10489999999118,105.74369999994815,336.9916999999987,2219.121641
fifo,8,1,batch-002,batch,231.11619999963295,105.74980000001233,336.9998999996824,2219.1216532
fifo,8,1,critical-004,critical,231.12499999979264,105.757000000267,337.00839999983145,2219.1216661
fifo,8,1,standard-014,standard,231.13210000019535,105.76309999987643,337.01490000021295,2219.1216773
fifo,8,1,standard-019,standard,336.8930999999975,109.64789999979985,446.71280000011393,2219.2313797
fifo,8,1,standard-010,standard,336.9322000003194,109.67270000037388,446.7571999998654,2219.2314281
fifo,8,1,critical-002,critical,336.94299999979194,109.677300000385,446.76479999998264,2219.2314403
fifo,8,1,standard-017,standard,336.9502000000466,109.68000000002576,446.76909999998315,2219.2314493
fifo,8,1,standard-015,standard,336.95699999998396,109.68400000001566,446.77439999986746,2219.2314589
fifo,8,1,critical-001,critical,336.9652999999744,109.68610000008994,446.7792999998892,2219.2314678
fifo,8,1,critical-007,critical,336.9737999996687,109.68969999976252,446.7844000000696,2219.2314774
fifo,8,1,standard-003,standard,336.9807999997647,109.69159999967815,446.7884000000595,2219.2314857
fifo,8,1,standard-000,standard,446.6883999998572,108.72229999995398,555.5468000002293,2219.3402482
fifo,8,1,standard-005,standard,446.72339999988253,108.75009999972463,555.593399999907,2219.340299
fifo,8,1,standard-004,standard,446.73110000030647,108.75660000010612,555.6021999996119,2219.3403123
fifo,8,1,batch-008,batch,446.6781999999512,108.76229999985298,555.6095999995705,2219.340324
fifo,8,1,standard-018,standard,446.66959999995015,108.7680000000546,555.5441999999857,2219.3403338
fifo,8,1,standard-011,standard,446.6701999999714,108.77190000019255,555.5438000001232,2219.340342
fifo,8,1,standard-013,standard,446.6733999997814,108.76559999996971,555.5434000002606,2219.340348
fifo,8,1,batch-010,batch,446.67589999971824,108.76559999996971,555.5429000000913,2219.3403532
fifo,8,1,batch-000,batch,555.439700000079,109.23809999985679,664.8230000000694,2219.4496414
fifo,8,1,standard-012,standard,555.475899999692,109.27730000003066,664.8816000001716,2219.4497061
fifo,8,1,critical-000,critical,555.4830999999467,109.30050000024494,664.9065999999948,2219.4497366
fifo,8,1,batch-012,batch,555.489000000307,109.32000000002517,664.9266999997963,2219.4497625
fifo,8,1,batch-013,batch,555.4923999998209,109.336600000006,664.9437999999463,2219.4497859
fifo,8,2,standard-008,standard,1.411799999914365,105.09780000029423,107.01229999995121,2219.5577675
fifo,8,2,batch-004,batch,1.413699999829987,105.1012000002629,107.00700000006691,2219.5578056
fifo,8,2,critical-000,critical,1.4175999999679334,105.08630000003905,106.98750000028667,2219.5578181
fifo,8,2,critical-001,critical,1.4213999997991777,105.0716999998258,106.96809999990364,2219.557829
fifo,8,2,standard-000,standard,1.4269999996940896,105.05929999999353,106.94980000016585,2219.5578393
fifo,8,2,batch-012,batch,1.4295999999376363,105.04620000028808,106.93020000007891,2219.5578486
fifo,8,2,standard-020,standard,1.4341999999487598,105.03300000027593,106.91100000030929,2219.5578574
fifo,8,2,batch-011,batch,1.436099999864382,105.01989999966099,106.8913999997676,2219.5578662
fifo,8,2,critical-006,critical,106.76909999983764,108.79810000005818,215.7014999997955,2219.6667049
fifo,8,2,critical-008,critical,106.77560000021913,108.8158000002295,215.70900000006077,2219.6667389
fifo,8,2,standard-007,standard,106.76080000030197,108.82169999968028,215.6927999999425,2219.6667498
fifo,8,2,critical-007,critical,106.74490000019432,108.82720000017798,215.67540000023655,2219.6667591
fifo,8,2,standard-005,standard,106.72909999993863,108.83240000021033,215.6580999999278,2219.6667677
fifo,8,2,batch-008,batch,106.71240000010584,108.83650000005218,215.63980000019,2219.6667754
fifo,8,2,standard-015,standard,106.6950999997971,108.8409999997566,215.62170000015612,2219.6667836
fifo,8,2,standard-004,standard,106.64580000002388,108.84549999991577,215.57250000023487,2219.6667922
fifo,8,2,batch-010,batch,215.45969999988301,109.9619999999959,325.54019999997763,2219.7767902
fifo,8,2,standard-006,standard,215.46130000024277,109.98419999987163,325.5522999997993,2219.7768297
fifo,8,2,batch-007,batch,215.44500000027256,109.98909999989337,325.53509999979724,2219.7768398
fifo,8,2,standard-002,standard,215.41380000007848,109.99480000009498,325.50439999977243,2219.7768493
fifo,8,2,standard-018,standard,215.3957000000446,109.99859999992623,325.48499999984415,2219.7768564
fifo,8,2,critical-005,critical,215.3769999999895,110.00210000020161,325.46540000021196,2219.7768633
fifo,8,2,batch-002,batch,215.3590000002623,110.00610000019151,325.44670000015685,2219.7768706
fifo,8,2,batch-014,batch,215.34109999993234,110.00909999984287,325.4268000000593,2219.7768771
fifo,8,2,batch-000,batch,325.3197000003638,108.08629999974073,433.532600000035,2219.8850101
fifo,8,2,standard-011,standard,325.32480000008945,108.16139999997176,433.59949999967284,2219.8851044
fifo,8,2,standard-003,standard,325.30799999994997,108.1837000001542,433.59979999968346,2219.8851311
fifo,8,2,standard-019,standard,325.29189999968366,108.19310000033511,433.58820000003107,2219.8851451
fifo,8,2,standard-016,standard,325.2735000000939,108.20100000000821,433.5747000000083,2219.8851569
fifo,8,2,standard-013,standard,325.2546999997321,108.20789999979752,433.56009999979506,2219.8851682
fifo,8,2,batch-005,batch,325.2363999999943,108.21549999991475,433.5459999997511,2219.8851796
fifo,8,2,batch-006,batch,325.2025000001595,108.22280000002138,433.516999999938,2219.885191
fifo,8,2,critical-002,critical,433.3161999998083,107.58820000000924,541.1838999998508,2219.9928845
fifo,8,2,batch-003,batch,433.379000000059,107.61839999986478,541.2476999999853,2219.9929745
fifo,8,2,batch-001,batch,433.3778000000166,107.64670000025944,541.2673000000723,2219.9930207
fifo,8,2,standard-012,standard,433.36470000031113,107.67779999969207,541.27920000019,2219.9930595
fifo,8,2,standard-009,standard,433.35109999998167,107.70850000017163,541.2908000002972,2219.9930966
fifo,8,2,critical-003,critical,433.33639999991647,107.73609999978362,541.2984999998116,2219.9931302
fifo,8,2,standard-017,standard,433.32239999972444,107.75409999996555,541.2977000000865,2219.9931548
fifo,8,2,batch-009,batch,433.3078999998179,107.76990000022124,541.2941999998111,2219.993177
fifo,8,2,batch-013,batch,540.9881000000496,109.37670000021171,650.7653999997274,2220.1026739
fifo,8,2,standard-001,standard,541.043400000035,109.38500000020213,650.799200000165,2220.1027343
fifo,8,2,standard-010,standard,541.0566000000472,109.3815000003815,650.7977999999639,2220.1027648
fifo,8,2,critical-004,critical,541.0686999998688,109.37710000007428,650.7970000002388,2220.1027902
fifo,8,2,standard-014,standard,541.0746000002291,109.37300000023242,650.7900999999947,2220.1028146
fifo,8,3,standard-006,standard,1.5640000001440058,103.23140000036801,105.60850000001665,2220.2095426
fifo,8,3,standard-002,standard,1.5639999996892584,103.22619999988092,105.60380000015357,2220.2095889
fifo,8,3,batch-007,batch,1.5687000000070839,103.21439999961513,105.58660000015152,2220.2096089
fifo,8,3,standard-000,standard,1.5742000000500411,103.20550000005824,105.57229999994888,2220.2096271
fifo,8,3,batch-013,batch,1.5766999999868858,103.19679999975051,105.55710000016916,2220.209643
fifo,8,3,standard-020,standard,1.578200000039942,103.18879999977071,105.54129999991346,2220.209659
fifo,8,3,batch-009,batch,1.7004999999699066,103.180600000087,105.52499999994325,2220.2096744
fifo,8,3,batch-005,batch,1.7901000001074863,103.17189999977927,105.50450000027922,2220.2096891
fifo,8,3,standard-016,standard,105.33280000026934,108.97150000027978,214.50830000003407,2220.3187242
fifo,8,3,batch-011,batch,105.34369999959381,109.04640000035215,214.57409999993615,2220.3188195
fifo,8,3,batch-000,batch,105.33410000016374,109.0940999997656,214.60079999997106,2220.3188755
fifo,8,3,standard-018,standard,105.32409999996162,109.13559999971767,214.62149999979374,2220.3189241
fifo,8,3,critical-006,critical,105.3116000002774,109.17520000020886,214.63819999962652,2220.3189691
fifo,8,3,standard-012,standard,105.29970000015965,109.21299999972689,214.6538000001783,2220.3190129
fifo,8,3,batch-012,batch,105.28609999983018,109.25059999999576,214.6680999999262,2220.3190557
fifo,8,3,standard-014,standard,105.2733999999873,109.28859999967244,214.6839000001819,2220.3190995
fifo,8,3,standard-015,standard,214.2929000001459,108.36289999997462,323.1654000001072,2220.4276085
fifo,8,3,critical-001,critical,214.35199999996257,108.35640000004787,323.1799999998657,2220.427652
fifo,8,3,standard-009,standard,214.37869999999748,108.3426000000145,323.1667000000016,2220.4276665
fifo,8,3,batch-010,batch,214.3992999999682,108.35700000006909,323.18020000002434,2220.4277072
fifo,8,3,batch-014,batch,214.38390000002983,108.34920000024795,323.1388999997762,2220.4277266
fifo,8,3,critical-003,critical,214.3927999995867,108.33420000017213,323.1153000001541,2220.4277379
fifo,8,3,batch-004,batch,214.40649999976813,108.18079999990005,323.0996000002051,2220.427751
fifo,8,3,standard-008,standard,214.42019999994955,108.16319999958068,323.0803999999807,2220.4277621
fifo,8,3,standard-007,standard,322.89059999993697,107.83029999993232,430.92710000018997,2220.5356517
fifo,8,3,critical-005,critical,322.89700000001176,107.83829999991212,430.9274000002006,2220.5356824
fifo,8,3,batch-003,batch,322.8831999999784,107.84030000013445,430.9086999996907,2220.5356914
fifo,8,3,critical-004,critical,322.89550000041345,107.84100000000763,430.8857999999418,2220.5356984
fifo,8,3,standard-017,standard,322.88340000013704,107.84209999974337,430.8619999997063,2220.535705
fifo,8,3,standard-001,standard,322.86459999977524,107.84209999974337,430.83819999992556,2220.5357112
fifo,8,3,critical-008,critical,322.85030000002735,107.84259999991264,430.8172999999442,2220.5357178
fifo,8,3,standard-005,standard,322.8332999997292,107.84210000019812,430.7948000000579,2220.5357233
fifo,8,3,standard-013,standard,430.7011999999304,109.51629999999568,540.3182000000015,2220.6452745
fifo,8,3,batch-001,batch,430.6959000000461,109.6146999998382,540.4035999999905,2220.6453896
fifo,8,3,batch-008,batch,430.6740999995782,109.66910000024654,540.4305000001841,2220.6454465
fifo,8,3,standard-019,standard,430.65230000001975,109.73329999978887,540.4685000003155,2220.6455144
fifo,8,3,critical-007,critical,430.6290999998055,109.81429999992542,540.5244999997194,2220.6455997
fifo,8,3,standard-004,standard,430.6065000000672,109.94009999967602,540.624299999763,2220.6457283
fifo,8,3,critical-002,critical,430.58409999957803,110.00229999990552,540.6602999996721,2220.6457935
fifo,8,3,critical-000,critical,430.5613000001358,110.107799999696,540.7420000001366,2220.6459033
fifo,8,3,standard-003,standard,540.0826000000052,106.90359999989596,647.8248000003077,2220.7530295
fifo,8,3,batch-006,batch,540.1606000000356,106.9139000001087,647.9401999999936,2220.7531747
fifo,8,3,standard-011,standard,540.2037000003475,106.80060000004232,647.948499999984,2220.7532123
fifo,8,3,standard-010,standard,540.2233999998316,106.71689999981027,647.9446000003009,2220.7532387
fifo,8,3,batch-002,batch,540.2844000000186,106.61339999978736,647.9384999997819,2220.7532619
priority_aging,1,1,standard-017,standard,973.6521999998331,109.93089999965378,1083.6409999997159,2221.8379173
priority_aging,1,1,standard-012,standard,1083.5911999997734,106.94489999968937,1190.5868999997438,2221.9449176
priority_aging,1,1,standard-000,standard,1190.555900000163,109.53760000029433,1300.1625000001695,2222.0545289
priority_aging,1,1,batch-013,batch,3254.8188000000664,107.33610000033877,3362.2376000002987,2224.1166366
priority_aging,1,1,standard-020,standard,1300.1056999996763,107.81540000016321,1408.1938999997874,2222.1626232
priority_aging,1,1,critical-004,critical,1.3638000000355532,107.28280000012091,108.78160000038406,2220.8632707
priority_aging,1,1,critical-003,critical,108.75959999975748,106.52540000000954,215.4835000001185,2220.9700087
priority_aging,1,1,critical-001,critical,215.45839999998861,107.53950000025725,323.0555000000095,2221.0776108
priority_aging,1,1,batch-005,batch,3362.062000000151,107.60370000025432,3469.7825999996894,2224.2243657
priority_aging,1,1,batch-003,batch,3469.7611000001416,106.93349999974089,3576.7753999998604,2224.3313872
priority_aging,1,1,critical-007,critical,322.9754999997567,108.01369999990129,431.05430000014167,2221.1856965
priority_aging,1,1,batch-011,batch,3576.7257000002246,108.5744000001796,3685.373300000265,2224.4400432
priority_aging,1,1,standard-013,standard,1407.9289999999673,109.13170000003447,1517.1088999995845,2222.2718078
priority_aging,1,1,standard-009,standard,1517.0875000003434,107.7210000003106,1624.8750999998265,2222.3796017
priority_aging,1,1,standard-019,standard,1624.85340000012,108.25879999993049,1733.177799999794,2222.4879317
priority_aging,1,1,batch-010,batch,3685.2694999997766,105.73269999986223,3791.067000000112,2224.5458486
priority_aging,1,1,standard-016,standard,1733.1296999996084,109.39239999970596,1842.5913000000946,2222.5974003
priority_aging,1,1,critical-002,critical,430.8712000001833,107.46579999977257,538.4217999999237,2221.2932587
priority_aging,1,1,standard-011,standard,1842.5407999998242,109.60339999974167,1952.2375999999895,2222.7071062
priority_aging,1,1,batch-007,batch,3790.9583000000566,107.6708000000508,3898.6917000001995,2224.6535898
priority_aging,1,1,batch-009,batch,3898.6838000000716,105.67409999976007,4004.4638999997915,2224.7593911
priority_aging,1,1,standard-001,standard,1952.1795000000566,107.32529999995677,2059.5954000000347,2222.8145502
priority_aging,1,1,standard-010,standard,2059.5766999999796,108.66099999975631,2168.3116000003793,2222.923294
priority_aging,1,1,standard-003,standard,2168.291500000123,108.18919999974241,2276.6335000001163,2223.0316431
priority_aging,1,1,critical-005,critical,538.2303999999749,107.81550000001516,646.1674000001949,2221.4012034
priority_aging,1,1,batch-002,batch,4004.462500000045,107.45409999981348,4111.993500000153,2224.8670562
priority_aging,1,1,standard-002,standard,2276.5650999999707,109.53359999984968,2386.2553999997544,2223.1413448
priority_aging,1,1,standard-008,standard,2386.24290000007,107.50170000028447,2493.9801000000443,2223.2490966
priority_aging,1,1,standard-004,standard,2493.9641999999367,108.86429999982283,2602.9044000001704,2223.3580473
priority_aging,1,1,batch-012,batch,4111.900200000036,106.84170000013182,4218.9258000003065,2224.9740949
priority_aging,1,1,batch-000,batch,4218.908100000135,107.28789999984656,4326.263800000106,2225.0814593
priority_aging,1,1,standard-006,standard,2602.8323000000455,109.9435999999514,2712.8609000001234,2223.4680833
priority_aging,1,1,batch-004,batch,4326.220599999942,108.58959999995932,4434.880499999963,2225.19013
priority_aging,1,1,batch-006,batch,4434.8613999995905,108.92749999993612,4543.86199999999,2225.2991377
priority_aging,1,1,batch-014,batch,4543.843299999935,108.04499999994732,4651.988099999926,2225.4072898
priority_aging,1,1,critical-000,critical,645.8933999997498,107.90880000013203,754.0930999998636,2221.5094208
priority_aging,1,1,standard-015,standard,2712.7424999998766,108.82009999977527,2821.650299999874,2223.5770041
priority_aging,1,1,standard-005,standard,2821.6324999998506,108.7414999997236,2930.558100000326,2223.6859487
priority_aging,1,1,standard-014,standard,2930.5443000002924,108.19499999979598,3038.8859999998203,2223.7943029
priority_aging,1,1,standard-007,standard,3038.86330000023,107.76209999994535,3146.796699999868,2223.9022452
priority_aging,1,1,critical-006,critical,753.9547999999741,109.36499999979787,863.5589999998956,2221.6190348
priority_aging,1,1,critical-008,critical,863.5405999998511,108.80709999992177,972.4223999996866,2221.7279243
priority_aging,1,1,batch-001,batch,4651.76960000008,110.10709999982282,4761.954799999785,2225.517485
priority_aging,1,1,batch-008,batch,4761.939999999868,108.83209999974497,4870.908400000189,2225.626467
priority_aging,1,1,standard-018,standard,3146.5023000000656,106.7550000002484,3253.4451999999874,2224.0092079
priority_aging,1,2,critical-000,critical,14.717100000325445,108.96109999976034,123.83539999973436,2225.7506546
priority_aging,1,2,batch-008,batch,3267.294700000093,108.86009999967428,3376.227899999776,2229.0030625
priority_aging,1,2,batch-011,batch,3376.2335999999777,106.54109999995853,3482.905800000026,2229.1097478
priority_aging,1,2,standard-006,standard,988.3014000001822,105.79720000032466,1094.3720000000212,2226.7212197
priority_aging,1,2,standard-014,standard,1094.3732000000637,109.45899999978792,1203.8839000001644,2226.8307367
priority_aging,1,2,critical-004,critical,123.80280000024868,106.70340000024225,230.56020000012722,2225.857418
priority_aging,1,2,batch-012,batch,3482.8973000003316,107.22110000006069,3590.2593999999226,2229.2171239
priority_aging,1,2,standard-000,standard,1203.8778999999522,108.76390000021274,1312.7313999998478,2226.939601
priority_aging,1,2,standard-020,standard,1312.7736000001278,108.83350000040082,1421.7850999998518,2227.0486596
priority_aging,1,2,critical-008,critical,230.5449000000408,109.33979999981602,339.97279999994134,2225.9668524
priority_aging,1,2,batch-000,batch,3590.248900000006,107.94690000011542,3698.260399999981,2229.3251445
priority_aging,1,2,batch-001,batch,3698.2615000001715,107.78660000005402,3806.0959000004004,2229.4329845
priority_aging,1,2,standard-019,standard,1421.7854999997144,108.2325999996101,1530.127700000321,2227.1570209
priority_aging,1,2,batch-004,batch,3806.092699999681,107.21760000024005,3913.359700000001,2229.5402571
priority_aging,1,2,batch-009,batch,3913.389400000142,108.21239999995669,4021.713499999805,2229.6486151
priority_aging,1,2,critical-005,critical,339.95290000029854,107.35269999986485,447.354599999926,2226.0742602
priority_aging,1,2,critical-002,critical,447.363299999779,108.59650000020338,556.1427000002368,2226.1830537
priority_aging,1,2,batch-002,batch,4021.7201999998906,107.20910000009098,4129.168599999957,2229.7560839
priority_aging,1,2,critical-001,critical,556.1470000002373,106.83909999988828,663.2442999998602,2226.290164
priority_aging,1,2,batch-006,batch,4129.168599999957,107.21009999997477,4236.443100000088,2229.8633673
priority_aging,1,2,batch-014,batch,4236.448399999972,107.43420000017068,4343.943899999886,2229.9708723
priority_aging,1,2,standard-012,standard,1530.0932999998622,108.31359999974666,1638.4717999999339,2227.2654048
priority_aging,1,2,batch-003,batch,4343.944199999896,108.92409999996744,4452.929600000061,2230.0798667
priority_aging,1,2,standard-011,standard,1638.4696000000076,109.03289999987464,1747.5546000000577,2227.3744963
priority_aging,1,2,batch-013,batch,4452.934599999935,108.55579999997644,4561.623099999906,2230.1885695
priority_aging,1,2,critical-006,critical,663.2230999998683,108.43199999999342,771.730099999786,2226.3986808
priority_aging,1,2,standard-017,standard,1747.544100000141,109.07350000024962,1856.6740999999638,2227.4836337
priority_aging,1,2,standard-016,standard,1856.6891000000396,107.24170000003141,1963.9956999999413,2227.59096
priority_aging,1,2,standard-009,standard,1963.9954000003854,108.89619999989009,2072.9357999998683,2227.6999059
priority_aging,1,2,standard-008,standard,2072.938199999953,108.02990000001955,2181.2168000001293,2227.8081911
priority_aging,1,2,critical-007,critical,771.7165999997633,106.81079999994836,878.7061000002723,2226.5056847
priority_aging,1,2,standard-004,standard,2181.2159999999494,108.37080000010246,2289.872099999684,2227.9168551
priority_aging,1,2,standard-001,standard,2289.9154000001545,109.05739999998332,2399.2274000002,2228.0262145
priority_aging,1,2,standard-007,standard,2399.2299999999886,108.42890000003536,2507.713099999819,2228.1347047
priority_aging,1,2,standard-010,standard,2507.7163000000837,108.73149999997622,2616.5397999998277,2228.2435354
priority_aging,1,2,batch-010,batch,4561.583200000314,109.11369999985254,4670.82739999978,2230.297827
priority_aging,1,2,standard-003,standard,2616.5396000001238,108.74709999961851,2725.352300000395,2228.3523558
priority_aging,1,2,standard-018,standard,2725.354100000004,107.42609999988417,2832.827699999598,2228.4598352
priority_aging,1,2,standard-002,standard,2832.8305,109.15560000012192,2942.0365000000857,2228.5690481
priority_aging,1,2,batch-005,batch,4670.821100000012,109.4175000002906,4780.301700000109,2230.4073171
priority_aging,1,2,standard-015,standard,2942.0405000000756,107.55500000004758,3049.818899999991,2228.6768398
priority_aging,1,2,standard-013,standard,3049.826100000246,107.50459999962914,3157.473199999913,2228.7844992
priority_aging,1,2,batch-007,batch,4780.2928000000975,107.46100000005754,4887.797300000329,2230.5148275
priority_aging,1,2,critical-003,critical,878.6684000001515,109.23479999974006,988.1009000000631,2226.6151354
priority_aging,1,2,standard-005,standard,3157.470699999976,109.54339999989315,3267.081699999835,2228.8941204
priority_aging,1,3,standard-005,standard,967.1723000001293,105.66629999993893,1073.0051000000458,2231.588538
priority_aging,1,3,critical-001,critical,1.406099999712751,106.61520000030578,108.25089999980264,2230.6238412
priority_aging,1,3,standard-006,standard,1072.9270000001634,106.8052999999054,1179.9865999996655,2231.6956127
priority_aging,1,3,batch-003,batch,3188.7173000000075,106.1294999999518,3294.9226999999155,2233.8105805
priority_aging,1,3,batch-007,batch,3294.8992999999973,106.99909999993906,3401.994999999715,2233.9176829
priority_aging,1,3,standard-000,standard,1179.9005999996552,105.25300000017523,1285.20860000026,2231.8009265
priority_aging,1,3,batch-006,batch,3401.9398999998884,106.72199999999066,3508.710400000382,2234.024459
priority_aging,1,3,batch-009,batch,3508.7125000000015,105.68840000041746,3614.5864999998594,2234.1303634
priority_aging,1,3,standard-008,standard,1285.1278000002821,105.31670000000304,1390.5134999999973,2231.90632
priority_aging,1,3,batch-001,batch,3614.536699999917,106.14190000023882,3720.9978000000774,2234.2368336
priority_aging,1,3,standard-011,standard,1390.4656999998224,105.31650000029913,1496.1311000001842,2232.0119945
priority_aging,1,3,standard-007,standard,1496.0722000000715,107.11499999979424,1603.2678999999916,2232.119199
priority_aging,1,3,standard-004,standard,1603.2445000000735,105.69420000001628,1709.0117000002465,2232.2249738
priority_aging,1,3,critical-004,critical,107.85780000014711,106.9203999995807,214.85589999974763,2230.7308451
priority_aging,1,3,critical-000,critical,214.84319999990475,107.45559999986654,322.5003000002289,2230.8385161
priority_aging,1,3,batch-010,batch,3720.7970999997997,105.06949999989956,3825.9336000000985,2234.3419769
priority_aging,1,3,critical-006,critical,322.4502000002758,108.02560000001904,430.5282999998781,2230.9466001
priority_aging,1,3,standard-009,standard,1708.882999999787,105.17329999993308,1814.1344999999092,2232.3302335
priority_aging,1,3,standard-012,standard,1814.115899999706,106.56040000003486,1920.735600000171,2232.4368605
priority_aging,1,3,batch-005,batch,3825.8316999999806,107.34240000010686,3933.3518000003096,2234.4495025
priority_aging,1,3,standard-003,standard,1920.6911999999647,105.19399999975576,2025.9718000002067,2232.5421495
priority_aging,1,3,standard-020,standard,2025.9547000000566,105.51859999986846,2131.550700000389,2232.6477539
priority_aging,1,3,batch-011,batch,3933.2798000000366,108.78289999982371,4042.1705999997357,2234.5583997
priority_aging,1,3,standard-019,standard,2131.507000000056,105.62960000015664,2237.2404999996434,2232.753496
priority_aging,1,3,standard-016,standard,2237.222600000223,105.07280000001629,2342.3769000000902,2232.8586598
priority_aging,1,3,batch-004,batch,4042.096899999706,107.59049999978743,4149.743399999807,2234.6660524
priority_aging,1,3,standard-013,standard,2342.3326000001907,106.28469999983281,2448.7872999998217,2232.9651227
priority_aging,1,3,standard-015,standard,2448.770599999989,104.8254000002089,2553.675199999816,2233.0700361
priority_aging,1,3,critical-007,critical,430.2194000001691,108.30050000004121,538.5768000001008,2231.0549633
priority_aging,1,3,batch-008,batch,4149.653599999965,107.29040000023815,4257.090900000094,2234.7735027
priority_aging,1,3,batch-012,batch,4257.071700000324,108.36769999968965,4365.496699999767,2234.8819338
priority_aging,1,3,critical-008,critical,538.5161999997763,107.46499999959269,646.0858000000371,2231.1625492
priority_aging,1,3,batch-002,batch,4365.403299999798,108.7929999998778,4474.242300000242,2234.9907788
priority_aging,1,3,standard-017,standard,2553.4828999998354,106.46839999981239,2660.1038000003427,2233.1766695
priority_aging,1,3,standard-001,standard,2660.0837999999385,105.78350000014325,2765.922799999771,2233.2825147
priority_aging,1,3,critical-005,critical,645.9270000000288,106.73480000014024,752.7156000001014,2231.2693433
priority_aging,1,3,critical-003,critical,752.6972000000569,106.03119999996125,858.8121999996474,2231.375467
priority_aging,1,3,critical-002,critical,858.7944999999308,107.14030000008279,966.018499999791,2231.4826988
priority_aging,1,3,batch-013,batch,4474.079099999926,109.21009999992748,4583.370599999853,2235.1000762
priority_aging,1,3,batch-014,batch,4583.34509999986,108.69929999989836,4692.086699999891,2235.2088227
priority_aging,1,3,standard-002,standard,2765.76440000008,104.7020999999404,2870.6545999998525,2233.3874169
priority_aging,1,3,standard-014,standard,2870.6363000001147,105.04739999987578,2975.7543000000624,2233.4925425
priority_aging,1,3,standard-010,standard,2975.735099999838,105.75120000021343,3081.579999999576,2233.5983942
priority_aging,1,3,standard-018,standard,3081.568999999945,105.8789000003344,3187.5225999997383,2233.7043666
priority_aging,1,3,batch-000,batch,4691.957999999886,107.84060000014506,4799.843599999804,2235.3167128
priority_aging,2,1,standard-003,standard,450.4633000001377,107.28860000017448,557.8318999996554,2235.8748109
priority_aging,2,1,standard-020,standard,557.7871000000414,108.75299999997878,666.6089999998803,2235.9835991
priority_aging,2,1,batch-000,batch,1643.4478999999556,107.64109999990978,1751.474799999869,2237.0684708
priority_aging,2,1,standard-014,standard,557.8104000001076,108.77529999970648,666.6362000000845,2235.9836375
priority_aging,2,1,critical-004,critical,14.85930000035296,107.35710000017207,122.32130000029429,2235.4393276
priority_aging,2,1,standard-008,standard,666.5943000002699,109.3460000001869,776.0079999998197,2236.0930193
priority_aging,2,1,batch-002,batch,1643.5966999997618,107.64070000004722,1751.5446000002157,2237.0685603
priority_aging,2,1,critical-000,critical,14.86830000021655,107.45029999998224,122.41160000030504,2235.439432
priority_aging,2,1,standard-013,standard,666.6132000000289,109.3710000000101,776.0358999998971,2236.0930611
priority_aging,2,1,standard-018,standard,775.9961000001567,108.35850000012215,884.4240000003083,2236.2014539
priority_aging,2,1,standard-006,standard,776.028000000224,108.3757000001242,884.4557000002169,2236.2014896
priority_aging,2,1,critical-008,critical,122.2992000002705,108.91859999992448,231.45919999979014,2235.5484972
priority_aging,2,1,batch-004,batch,1751.4387999999599,108.17270000006829,1859.8010000000613,2237.1768436
priority_aging,2,1,batch-012,batch,1751.5176000001702,108.21490000034828,1859.8825000003671,2237.1769296
priority_aging,2,1,critical-005,critical,122.38280000019586,109.060799999952,231.66589999982534,2235.5487177
priority_aging,2,1,batch-009,batch,1859.7876999997425,107.44840000006661,1967.4158000002535,2237.2844835
priority_aging,2,1,standard-009,standard,884.3875000002299,108.43089999980293,992.8815999996914,2236.3099537
priority_aging,2,1,standard-011,standard,884.4143000001168,108.45900000003894,992.9213000000345,2236.3099973
priority_aging,2,1,standard-019,standard,992.8807999999663,107.7159000001302,1100.6780000002436,2236.417758
priority_aging,2,1,standard-016,standard,992.9134999997586,107.74260000016511,1100.717899999836,2236.4178024
priority_aging,2,1,critical-006,critical,231.42450000023018,108.90870000002906,340.72229999992487,2235.6578107
priority_aging,2,1,critical-001,critical,231.63290000002235,109.18059999994512,341.07270000004064,2235.6581652
priority_aging,2,1,batch-006,batch,1859.837200000129,107.43860000002314,1967.4211999999898,2237.2845178
priority_aging,2,1,critical-007,critical,340.7173000000512,109.08120000021881,450.26229999984935,2235.767363
priority_aging,2,1,batch-001,batch,1967.3853999997846,108.39140000007319,2075.8350999999493,2237.3929399
priority_aging,2,1,standard-002,standard,1100.65510000004,108.73570000012478,1209.4565000002149,2236.5265656
priority_aging,2,1,standard-012,standard,1100.689699999748,108.7588999998843,1209.491699999944,2236.5266051
priority_aging,2,1,batch-003,batch,1967.4009000000297,108.47689999991417,2075.9236999997484,2237.3930413
priority_aging,2,1,standard-004,standard,1209.4504000001507,107.948899999883,1317.4611999997978,2236.634583
priority_aging,2,1,standard-007,standard,1209.4802999999956,107.97120000006544,1317.4957000001086,2236.6346213
priority_aging,2,1,standard-010,standard,1317.4593999997342,108.80140000017491,1426.3249000000542,2236.7434546
priority_aging,2,1,standard-017,standard,1317.488400000002,108.8371000000734,1426.3731999999436,2236.743507
priority_aging,2,1,batch-007,batch,2075.8491999999933,108.85749999988548,2184.800600000017,2237.5019388
priority_aging,2,1,batch-008,batch,2075.901299999714,108.89050000014322,2184.846199999811,2237.5019887
priority_aging,2,1,critical-002,critical,341.0232999999607,109.1428999998243,450.292300000001,2235.767441
priority_aging,2,1,standard-005,standard,1426.3106000003063,107.73979999976291,1534.1396999997414,2236.8512926
priority_aging,2,1,batch-013,batch,2184.791800000312,108.18220000010115,2293.1155000001127,2237.6102723
priority_aging,2,1,standard-000,standard,1426.3476999999511,107.77089999965028,1534.187700000075,2236.8513487
priority_aging,2,1,batch-005,batch,2184.8245000001043,108.19720000017696,2293.1515999998737,2237.6103175
priority_aging,2,1,critical-003,critical,450.20579999982147,107.27349999979197,557.6005000002624,2235.8747707
priority_aging,2,1,standard-015,standard,1534.1285000004063,109.03120000011768,1643.2561999999962,2236.9604306
priority_aging,2,1,batch-010,batch,2293.1016000002273,109.6400999999787,2402.824799999962,2237.7200035
priority_aging,2,1,batch-014,batch,2293.136300000242,109.70679999991262,2402.910300000258,2237.7200929
priority_aging,2,1,batch-011,batch,2402.831299999889,109.6308000001045,2512.630900000204,2237.8298174
priority_aging,2,1,standard-001,standard,1534.1582000000926,109.18350000019927,1643.4150000000045,2236.9606071
priority_aging,2,2,batch-012,batch,1638.578900000084,108.09430000017528,1746.7374000002565,2239.5769709
priority_aging,2,2,critical-002,critical,14.975200000208133,109.20729999998002,124.49629999991885,2237.954749
priority_aging,2,2,standard-016,standard,448.9075999999841,107.94070000019929,556.9112999996833,2238.3871744
priority_aging,2,2,standard-005,standard,556.8524000000252,107.33399999980975,664.3500000000131,2238.4946214
priority_aging,2,2,critical-007,critical,14.984100000219769,109.20510000005379,124.51699999974153,2237.9547967
priority_aging,2,2,standard-002,standard,556.888600000093,107.30650000004971,664.3954999999551,2238.4946826
priority_aging,2,2,standard-017,standard,664.3342999996094,106.92810000000463,771.3690999999017,2238.601664
priority_aging,2,2,standard-012,standard,664.3813000000591,107.02050000008967,771.4774000000943,2238.6017803
priority_aging,2,2,standard-010,standard,771.3684000000285,109.26900000004025,880.8798000000024,2238.7111898
priority_aging,2,2,batch-005,batch,1638.528800000131,108.12170000008337,1746.6985000000932,2239.5770162
priority_aging,2,2,batch-003,batch,1746.6534000000138,108.73059999994439,1855.4551000001993,2239.6857804
priority_aging,2,2,batch-010,batch,1746.6841000000386,108.7468999999146,1855.4834000001392,2239.6858163
priority_aging,2,2,critical-005,critical,124.4168000002901,107.69470000013825,232.19120000021576,2238.0625309
priority_aging,2,2,standard-006,standard,771.438599999783,109.28259999991496,880.9077000000798,2238.7112544
priority_aging,2,2,standard-007,standard,880.8447000001252,106.38550000021496,987.3378000002049,2238.8176914
priority_aging,2,2,standard-015,standard,880.8933000000252,106.47199999993973,987.440300000344,2238.8178025
priority_aging,2,2,standard-001,standard,987.3351999999613,108.43429999977161,1096.0072000002583,2238.9263762
priority_aging,2,2,standard-000,standard,987.3524999998153,108.44050000014249,1095.9814000002552,2238.9264348
priority_aging,2,2,batch-006,batch,1855.3209000001516,107.24519999985205,1962.6263000000108,2239.7930913
priority_aging,2,2,batch-004,batch,1855.3430000001754,107.28449999987788,1962.6766999999745,2239.7931507
priority_aging,2,2,batch-011,batch,1962.623800000074,106.42199999983859,2069.140099999913,2239.8996217
priority_aging,2,2,standard-019,standard,1095.8960000002662,108.96690000026865,1205.0137999999606,2239.0355031
priority_aging,2,2,standard-008,standard,1095.9388999999646,108.98150000002715,1205.0449999997,2239.0355422
priority_aging,2,2,critical-003,critical,124.29180000026463,107.7408999999534,232.0887999999286,2238.0625943
priority_aging,2,2,batch-009,batch,1962.6392000000124,106.49560000001657,2069.2047000002276,2239.8997174
priority_aging,2,2,standard-004,standard,1204.9901000000318,109.54919999994672,1314.605500000198,2239.1451256
priority_aging,2,2,batch-001,batch,2069.109099999878,110.19599999963248,2179.5068000001265,2240.0100333
priority_aging,2,2,standard-011,standard,1205.0084000002244,109.6823999996559,1314.741099999992,2239.1452756
priority_aging,2,2,standard-009,standard,1314.627300000211,107.82500000004802,1422.6917000000867,2239.2532326
priority_aging,2,2,critical-008,critical,231.9907000000967,107.20209999999497,339.38609999995606,2238.1699342
priority_aging,2,2,critical-001,critical,232.04080000004979,107.23780000034822,339.4407000000683,2238.1699955
priority_aging,2,2,critical-004,critical,339.3821999998181,109.0795000000071,448.56350000009115,2238.279125
priority_aging,2,2,standard-014,standard,1314.7119000000203,107.81450000013137,1422.709599999962,2239.2532777
priority_aging,2,2,standard-018,standard,1422.6638000000094,107.62279999971724,1530.3616999999576,2239.3609367
priority_aging,2,2,standard-003,standard,1422.6966000001084,107.6442000003226,1530.3919999996651,2239.3609736
priority_aging,2,2,batch-008,batch,2069.1343000003144,110.18150000018068,2179.4849000002614,2240.0100729
priority_aging,2,2,standard-020,standard,1530.347499999607,107.80060000024605,1638.211500000125,2239.4688065
priority_aging,2,2,batch-007,batch,2179.323100000147,110.14939999995477,2289.5777000003363,2240.120291
priority_aging,2,2,batch-002,batch,2179.3033999997533,110.1621000002524,2289.5659999999225,2240.1203351
priority_aging,2,2,batch-000,batch,2289.4907999998395,108.78189999993992,2398.4505000003082,2240.2292587
priority_aging,2,2,batch-013,batch,2289.492899999914,108.73840000022028,2398.464700000204,2240.2293072
priority_aging,2,2,critical-006,critical,339.1213999998399,109.1004999998404,448.2959000001756,2238.2791701
priority_aging,2,2,standard-013,standard,1530.0052000002324,107.8231000001324,1637.8813000001173,2239.4688461
priority_aging,2,2,critical-000,critical,448.08899999998175,107.90039999983492,556.07370000007,2238.3871153
priority_aging,2,2,batch-014,batch,2398.18379999997,108.3358999999291,2506.5957000001617,2240.3376788
priority_aging,2,3,critical-008,critical,15.161899999839079,107.80429999977059,123.15769999986514,2240.4612333
priority_aging,2,3,batch-000,batch,1650.666800000181,108.87370000000374,1759.8170000001119,2242.0979128
priority_aging,2,3,standard-018,standard,447.84260000005816,109.68830000001617,557.6141000001371,2240.8957221
priority_aging,2,3,batch-004,batch,1650.8579000001191,108.90369999970062,1759.8547000002327,2242.097972
priority_aging,2,3,standard-009,standard,557.5455000002876,111.76599999998871,669.4184000002679,2241.0075449
priority_aging,2,3,critical-006,critical,15.155800000229647,107.91620000009061,123.22790000007444,2240.461363
priority_aging,2,3,standard-008,standard,557.5804000000062,111.82860000008077,669.4880999998531,2241.0076311
priority_aging,2,3,batch-009,batch,1759.7711000003073,110.50359999990178,1870.3693000002204,2242.2085213
priority_aging,2,3,critical-007,critical,123.0862000002162,108.35390000011103,231.71010000032766,2240.5698701
priority_aging,2,3,batch-005,batch,1759.8048999998355,110.57100000016362,1870.4494999997223,2242.2086176
priority_aging,2,3,batch-012,batch,1870.358799999849,106.7670000002181,1977.3250000002918,2242.3155018
priority_aging,2,3,batch-014,batch,1870.4368999997314,106.77899999973306,1977.3808999998437,2242.3155658
priority_aging,2,3,standard-016,standard,669.3631999996796,108.6462000002939,778.1720999996651,2241.1163647
priority_aging,2,3,critical-000,critical,123.16779999991923,109.47880000003352,232.84160000002885,2240.5710418
priority_aging,2,3,critical-005,critical,231.67700000021796,104.0063000000373,338.4851000000708,2240.6766931
priority_aging,2,3,standard-017,standard,669.4182000001092,108.77130000017132,778.3085000000938,2241.116524
priority_aging,2,3,critical-003,critical,232.8354000001127,103.98680000025706,338.536600000225,2240.676758
priority_aging,2,3,standard-004,standard,778.1473999998525,108.76880000023448,887.2025999999096,2241.2254303
priority_aging,2,3,batch-013,batch,1977.2742000000108,109.10689999991519,2086.471200000233,2242.4247051
priority_aging,2,3,standard-014,standard,778.2855999998901,108.87749999983498,887.3345999995763,2241.2255748
priority_aging,2,3,batch-011,batch,1977.3208000001432,109.14929999989909,2086.5193999998155,2242.4247656
priority_aging,2,3,standard-002,standard,887.1978999995918,109.62629999994533,997.1027999999933,2241.3353553
priority_aging,2,3,standard-007,standard,887.3204999999871,109.65530000021317,997.1767000001819,2241.3354355
priority_aging,2,3,standard-006,standard,997.1045999996022,107.27940000015224,1104.5121000001927,2241.4427776
priority_aging,2,3,batch-007,batch,2086.442899999838,108.39099999975588,2194.931400000314,2242.5332038
priority_aging,2,3,standard-013,standard,997.1573999996508,107.40650000025198,1104.655399999956,2241.4429343
priority_aging,2,3,standard-010,standard,1104.5156000000134,108.91889999993509,1213.716100000056,2241.5520023
priority_aging,2,3,standard-015,standard,1104.6393999999964,109.0131000000838,1213.8679999998203,2241.5521672
priority_aging,2,3,standard-019,standard,1213.7103000000025,108.84169999962978,1322.7795000002516,2241.6610856
priority_aging,2,3,standard-020,standard,1213.8562000000093,108.74650000005204,1322.8306000000885,2241.6611447
priority_aging,2,3,batch-008,batch,2086.4440999998806,108.41220000020257,2194.926200000282,2242.5332489
priority_aging,2,3,critical-001,critical,338.37210000001505,109.066200000143,447.55239999994956,2240.7858817
priority_aging,2,3,standard-011,standard,1322.7587999999741,108.90359999984867,1431.762499999877,2241.7700987
priority_aging,2,3,critical-002,critical,338.4165000002213,109.10999999987325,447.60649999989255,2240.7859494
priority_aging,2,3,standard-000,standard,1322.7963999997883,108.93729999997959,1431.8061000003581,2241.7701556
priority_aging,2,3,batch-001,batch,2194.8568000002524,108.33000000002357,2303.2665000000634,2242.641623
priority_aging,2,3,batch-010,batch,2194.8865999997906,108.34449999993012,2303.295900000194,2242.6416594
priority_aging,2,3,standard-012,standard,1431.7383000002337,108.19780000019819,1540.0312000001577,2241.8784013
priority_aging,2,3,critical-004,critical,447.5166000001991,109.65399999986403,557.2861000000557,2240.8956629
priority_aging,2,3,standard-005,standard,1431.7731999999523,108.27190000009068,1540.1166999999987,2241.8785005
priority_aging,2,3,batch-002,batch,2303.23559999988,109.5431999997345,2412.8428999997595,2242.7512376
priority_aging,2,3,batch-006,batch,2303.258299999925,109.57739999957994,2412.890999999945,2242.7512929
priority_aging,2,3,batch-003,batch,2412.8451999999925,107.66740000008213,2520.587599999999,2242.8589961
priority_aging,2,3,standard-001,standard,1540.0001000002703,110.12189999973998,1650.3326000001834,2241.9887475
priority_aging,2,3,standard-003,standard,1540.083400000185,110.2974999998878,1650.5498999999872,2241.9889716
priority_aging,4,1,batch-011,batch,776.0158999999476,108.04700000016965,884.1703000002781,2243.7435543
priority_aging,4,1,standard-020,standard,232.39310000008118,109.50439999987793,342.0371000001978,2243.2014408
priority_aging,4,1,critical-002,critical,15.88949999995748,106.7785999998705,123.09289999984685,2242.9825072
priority_aging,4,1,critical-003,critical,15.949199999795383,106.87049999978626,123.21249999968131,2242.9826353
priority_aging,4,1,batch-014,batch,775.9854999999334,108.05410000011761,884.1394000000946,2243.74357
priority_aging,4,1,standard-019,standard,232.38439999977345,109.52140000017607,342.0285000001968,2243.2014669
priority_aging,4,1,standard-006,standard,232.4014000000716,109.53560000007201,342.04289999979665,2243.2014888
priority_aging,4,1,batch-001,batch,883.8666999999987,109.44180000024062,993.623899999875,2243.8530784
priority_aging,4,1,batch-006,batch,884.070900000097,109.57319999988613,993.775800000094,2243.8532381
priority_aging,4,1,standard-011,standard,341.91680000003544,108.45479999989038,450.5364000001464,2243.3100058
priority_aging,4,1,batch-008,batch,884.0791000002355,109.59850000017468,993.7958000000435,2243.8532722
priority_aging,4,1,batch-003,batch,884.0863999998874,109.60669999985839,993.8025000001289,2243.8532868
priority_aging,4,1,standard-002,standard,341.9509000000289,108.47620000004099,450.56120000026567,2243.3100527
priority_aging,4,1,batch-007,batch,993.6486999999943,108.36509999990085,1102.20819999995,2243.961708
priority_aging,4,1,batch-010,batch,993.7346000001526,108.38590000003023,1102.2459999999228,2243.9617534
priority_aging,4,1,standard-007,standard,341.95290000025125,108.48639999994703,450.5565999997998,2243.3100713
priority_aging,4,1,critical-006,critical,15.900799999599258,106.91730000007738,123.18660000028103,2242.9827088
priority_aging,4,1,standard-005,standard,341.9605000003685,108.48999999961961,450.5535000002965,2243.3100825
priority_aging,4,1,batch-013,batch,993.7362000000576,108.3902999998827,1102.2299999999632,2243.9617672
priority_aging,4,1,batch-002,batch,993.7438000001748,108.39480000004187,1102.234899999985,2243.9617785
priority_aging,4,1,critical-005,critical,15.919599999961065,106.96000000007189,123.22450000010576,2242.9827753
priority_aging,4,1,standard-013,standard,450.45500000014727,108.74680000006265,559.3195999999807,2243.4188763
priority_aging,4,1,standard-012,standard,450.489700000162,108.77819999996063,559.3653000000813,2243.4189292
priority_aging,4,1,standard-018,standard,450.50090000040655,108.79010000007838,559.3751000001248,2243.4189458
priority_aging,4,1,standard-000,standard,450.5045999999311,108.80029999998442,559.3817999997555,2243.41896
priority_aging,4,1,standard-015,standard,559.2987999998513,109.1804000002412,668.5963999998421,2243.5281817
priority_aging,4,1,critical-007,critical,122.92830000023969,108.82170000013502,232.1455999999671,2243.0917385
priority_aging,4,1,batch-012,batch,1102.115899999717,108.79680000016378,1211.0195999998723,2244.07062
priority_aging,4,1,standard-001,standard,559.323399999812,109.21879999978046,668.6348999996881,2243.5282417
priority_aging,4,1,batch-005,batch,1102.1411000001535,108.81870000002891,1211.054100000183,2244.0706676
priority_aging,4,1,standard-004,standard,559.3257999998968,109.22970000001442,668.638799999826,2243.5282595
priority_aging,4,1,critical-000,critical,123.01260000003822,108.83570000032705,232.16789999969478,2243.0917956
priority_aging,4,1,batch-009,batch,1102.133600000343,108.81940000035684,1211.0422999999173,2244.0706766
priority_aging,4,1,standard-003,standard,559.3186999999489,109.23800000000483,668.6319000000367,2243.5282736
priority_aging,4,1,standard-017,standard,668.5416000000259,106.98520000005374,775.6648999998106,2243.6353138
priority_aging,4,1,standard-010,standard,668.5867000001053,107.02559999981531,775.7243999999446,2243.6353804
priority_aging,4,1,batch-000,batch,1102.1108999998432,108.82129999981771,1211.0164000000623,2244.0706847
priority_aging,4,1,standard-009,standard,668.5849999998936,107.03659999990123,775.7241999997859,2243.6353993
priority_aging,4,1,standard-016,standard,668.5922000001483,107.04600000008213,775.7335999999668,2243.6354155
priority_aging,4,1,batch-004,batch,1210.9427999998843,108.12720000012632,1319.1578000000845,2244.1788467
priority_aging,4,1,critical-004,critical,123.01639999986946,108.83340000009412,232.12599999988015,2243.091822
priority_aging,4,1,critical-008,critical,123.07520000013028,108.83329999978741,232.14320000033695,2243.0918464
priority_aging,4,1,standard-008,standard,775.6153000000268,107.83799999990151,883.600899999692,2243.7433109
priority_aging,4,1,standard-014,standard,775.6653000001279,108.03130000022065,883.8129000000663,2243.7435295
priority_aging,4,1,critical-001,critical,232.02249999985725,109.46449999983088,341.652200000226,2243.2013765
priority_aging,4,2,critical-004,critical,15.230399999836663,108.54189999963637,123.92169999975522,2244.3032095
priority_aging,4,2,batch-007,batch,777.9640999997355,105.44239999990168,883.7688999997226,2245.063073
priority_aging,4,2,batch-009,batch,778.0083000002378,105.42909999958283,883.7729000001673,2245.0630861
priority_aging,4,2,standard-012,standard,231.7811000002621,109.95279999997365,341.84289999984685,2244.5211639
priority_aging,4,2,critical-008,critical,15.218300000015006,108.66219999979876,124.01610000006258,2244.303344
priority_aging,4,2,critical-007,critical,15.224200000375276,108.70269999986704,124.05399999988731,2244.3033886
priority_aging,4,2,standard-002,standard,231.7775999999867,109.97090000000753,341.84819999973115,2244.5211898
priority_aging,4,2,standard-004,standard,231.7895999999564,110.04229999980453,341.9176999996125,2244.5212672
priority_aging,4,2,critical-002,critical,15.212899999824003,108.725499999764,124.05900000021575,2244.3034158
priority_aging,4,2,batch-014,batch,883.6417000002257,109.36760000004142,993.1397000000288,2245.1725034
priority_aging,4,2,standard-014,standard,341.73599999985527,108.25859999977183,450.21900000028836,2244.629589
priority_aging,4,2,standard-016,standard,341.78780000002007,108.12710000027437,450.2736999997978,2244.6296512
priority_aging,4,2,standard-010,standard,341.85610000031375,108.13140000027488,450.2883000000111,2244.6296727
priority_aging,4,2,standard-009,standard,341.8770999996923,108.14320000008593,450.3015000000232,2244.6296924
priority_aging,4,2,standard-008,standard,450.2006999996411,108.38260000036826,558.7353999999323,2244.7381323
priority_aging,4,2,critical-003,critical,123.81390000018655,107.54790000009962,231.6516999999294,2244.411055
priority_aging,4,2,standard-017,standard,450.2431999999317,108.47409999996671,558.8400000001457,2244.7382492
priority_aging,4,2,standard-000,standard,450.2577999996902,108.54280000012295,558.9092000000164,2244.7383247
priority_aging,4,2,batch-002,batch,883.6350000001403,109.50469999988854,993.2444999999461,2245.1726664
priority_aging,4,2,standard-013,standard,450.2652000001035,108.59549999986484,558.9562000000114,2244.7383841
priority_aging,4,2,batch-012,batch,883.639900000162,109.52810000026147,993.2632000000012,2245.1726974
priority_aging,4,2,standard-011,standard,558.7063000002672,107.8551000000516,666.9347000001835,2244.846376
priority_aging,4,2,standard-015,standard,558.8078000000678,107.86559999996825,666.9867999999042,2244.8464341
priority_aging,4,2,standard-006,standard,558.8746999997056,107.85329999998794,666.9982999997046,2244.8464523
priority_aging,4,2,batch-010,batch,883.6261999999806,109.5341999998709,993.2496000001265,2245.1727101
priority_aging,4,2,standard-005,standard,558.920400000261,107.84430000012435,667.001899999832,2244.8464692
priority_aging,4,2,batch-013,batch,993.039200000112,107.95069999994666,1101.4675000001262,2245.2809418
priority_aging,4,2,batch-004,batch,993.1891999999607,107.97999999977037,1101.519400000143,2245.2810003
priority_aging,4,2,standard-020,standard,666.8973000000733,110.51550000001953,777.5450999997702,2244.9570332
priority_aging,4,2,batch-011,batch,993.2036000000153,107.98609999983455,1101.5204000000267,2245.2810151
priority_aging,4,2,standard-018,standard,666.9339000000036,110.62519999995857,777.6656999999432,2244.957167
priority_aging,4,2,batch-005,batch,993.2045000000471,107.98949999980323,1101.518599999963,2245.2810259
priority_aging,4,2,batch-008,batch,1101.4350999998896,106.96780000034778,1208.5253999998713,2245.388043
priority_aging,4,2,critical-000,critical,123.82500000012442,107.55239999980404,231.57769999988886,2244.4111015
priority_aging,4,2,standard-001,standard,666.9228999999177,110.71589999983189,777.73470000011,2244.9572647
priority_aging,4,2,critical-005,critical,123.85319999975763,107.55990000006932,231.58209999974133,2244.4111187
priority_aging,4,2,batch-006,batch,1101.4586000001145,106.97410000011587,1208.534200000031,2245.3880771
priority_aging,4,2,critical-001,critical,123.8666999997804,107.57299999977477,231.58909999983734,2244.4111389
priority_aging,4,2,standard-003,standard,666.9139999999061,110.76330000014423,777.7626000001874,2244.9573184
priority_aging,4,2,standard-007,standard,777.488700000049,105.45360000014625,883.4339,2245.0629958
priority_aging,4,2,batch-001,batch,1101.4455999998063,106.97209999989354,1208.513000000039,2245.3880834
priority_aging,4,2,batch-003,batch,1101.4497999999548,106.96950000010474,1208.5119999997005,2245.3880888
priority_aging,4,2,standard-019,standard,777.58810000023,105.45730000012554,883.4716000001208,2245.0630551
priority_aging,4,2,batch-000,batch,1208.4603000002971,108.0936000003021,1316.6231999998672,2245.4962126
priority_aging,4,2,critical-006,critical,231.46689999975933,109.9131999999372,341.50140000019746,2244.5210971
priority_aging,4,3,critical-005,critical,15.375399999811634,107.69879999998011,123.29599999975471,2245.6197708
priority_aging,4,3,standard-013,standard,231.47030000018276,108.10719999972207,340.03359999996974,2245.8365189
priority_aging,4,3,standard-019,standard,231.54059999978926,108.11069999999745,340.0970999996389,2245.8365882
priority_aging,4,3,critical-006,critical,15.376300000298215,107.72919999999431,123.31749999975727,2245.6198142
priority_aging,4,3,critical-008,critical,15.455800000381714,107.74110000011206,123.32889999970575,2245.6198308
priority_aging,4,3,standard-015,standard,231.5957000000708,108.08799999995244,340.1434000002155,2245.8366498
priority_aging,4,3,standard-017,standard,339.90499999981694,107.54790000009962,448.0364000000918,2245.944547
priority_aging,4,3,standard-018,standard,340.00860000014654,107.42449999997916,448.06999999991604,2245.9445854
priority_aging,4,3,critical-007,critical,15.449600000010832,107.75049999983821,123.32509999987451,2245.6198454
priority_aging,4,3,critical-003,critical,123.25200000032055,107.79580000007627,231.29990000006728,2245.7278246
priority_aging,4,3,standard-014,standard,340.0636999999733,107.37689999996292,448.0711999999585,2245.9445995
priority_aging,4,3,standard-000,standard,340.1202000000012,107.35739999972793,448.0779000000439,2245.9446107
priority_aging,4,3,batch-003,batch,774.6597000000293,107.44750000003478,882.1787000001677,2246.3787155
priority_aging,4,3,batch-014,batch,774.6660000002521,107.5025000000096,882.2342000003118,2246.3787747
priority_aging,4,3,standard-004,standard,448.00820000000385,108.91229999970164,557.0130000000972,2246.0535574
priority_aging,4,3,batch-006,batch,881.8849999997838,107.60579999987385,990.0013000001309,2246.4865494
priority_aging,4,3,standard-020,standard,448.0309999999008,108.94869999992807,557.056200000261,2246.0536114
priority_aging,4,3,standard-010,standard,448.04030000022976,108.95789999995031,557.0655000001352,2246.0536252
priority_aging,4,3,standard-005,standard,448.047399999723,108.96450000018376,557.0723999999245,2246.0536361
priority_aging,4,3,batch-000,batch,882.0925999998508,107.59150000012596,990.0179999999636,2246.4865855
priority_aging,4,3,standard-003,standard,557.0032999999057,107.54659999975047,664.6905000002334,2246.161262
priority_aging,4,3,standard-002,standard,557.0371000003433,107.55999999992127,664.7247000000789,2246.1613001
priority_aging,4,3,batch-008,batch,882.1414000003642,107.53900000008798,990.0174000003972,2246.4865963
priority_aging,4,3,standard-006,standard,557.0428000000902,107.56300000002739,664.729399999942,2246.1613122
priority_aging,4,3,batch-012,batch,882.1920000000318,107.48460000013438,990.0170000000799,2246.4866038
priority_aging,4,3,standard-001,standard,557.0380999997724,107.56469999978435,664.723899999899,2246.1613225
priority_aging,4,3,standard-011,standard,664.666600000146,109.69299999987925,774.4474999999511,2246.2710497
priority_aging,4,3,standard-009,standard,664.6943000000647,109.79439999982787,774.5622000002186,2246.2711687
priority_aging,4,3,standard-007,standard,664.7023000000445,109.81630000014775,774.5854999998301,2246.2711958
priority_aging,4,3,critical-001,critical,123.20060000001831,107.81069999984538,231.33680000000822,2245.7279512
priority_aging,4,3,batch-001,batch,989.937800000007,108.06569999977,1098.1203000001187,2246.5947387
priority_aging,4,3,batch-007,batch,989.9634999997033,108.08029999998325,1098.149899999953,2246.5947728
priority_aging,4,3,batch-011,batch,989.9685000000318,108.0842000001212,1098.1532999999217,2246.5947815
priority_aging,4,3,batch-013,batch,989.9700999999368,108.0869000002167,1098.153899999943,2246.5947879
priority_aging,4,3,batch-010,batch,1098.1050999998843,108.18209999979445,1206.3625000000684,2246.7030018
priority_aging,4,3,standard-012,standard,664.6765999998934,109.82210000020132,774.5598999999856,2246.271206
priority_aging,4,3,critical-000,critical,123.17819999998392,107.81520000000455,231.3747999996849,2245.7280278
priority_aging,4,3,standard-016,standard,774.3970999999874,107.17710000017178,881.7613000001074,2246.3784197
priority_aging,4,3,batch-002,batch,1098.1102000000647,108.25319999958083,1206.427000000076,2246.7030902
priority_aging,4,3,standard-008,standard,774.5018000000528,107.3910000000069,881.9847999998274,2246.3786536
priority_aging,4,3,critical-002,critical,123.17209999991974,107.8520999999455,231.42409999991287,2245.7280978
priority_aging,4,3,batch-005,batch,1098.091000000295,108.27889999973195,1206.4298000000235,2246.7031208
priority_aging,4,3,batch-009,batch,1098.0914000001576,108.29939999985072,1206.449000000248,2246.7031458
priority_aging,4,3,critical-004,critical,231.13569999986794,108.0432000003384,339.6991999998136,2245.8364023
priority_aging,4,3,batch-004,batch,1206.306499999755,106.78450000023076,1313.3161000000655,2246.8100263
priority_aging,8,1,batch-004,batch,326.97300000018004,106.96059999963836,434.2999000000418,2247.2452987
priority_aging,8,1,standard-020,standard,108.39729999997871,109.42990000012287,218.05249999988519,2247.0290937
priority_aging,8,1,batch-005,batch,326.94169999967926,106.97350000009465,434.2593000001216,2247.245335
priority_aging,8,1,batch-003,batch,433.8920000000144,108.2829000001766,542.6486999999725,2247.3537554
priority_aging,8,1,batch-001,batch,433.9501999997992,108.31250000001091,542.6989000002322,2247.3538351
priority_aging,8,1,critical-005,critical,1.3022000002820278,106.28189999988535,108.21299999997791,2246.9193798
priority_aging,8,1,standard-001,standard,108.26489999999467,109.49479999999312,217.96809999977995,2247.0291662
priority_aging,8,1,batch-011,batch,433.9097000001857,108.32489999984318,542.6480000000993,2247.3538772
priority_aging,8,1,batch-007,batch,433.9245999999548,108.33410000032018,542.6548999998886,2247.3539115
priority_aging,8,1,standard-016,standard,108.2032999997864,109.55100000001039,217.94600000021092,2247.02923
priority_aging,8,1,standard-009,standard,108.19979999996576,109.60220000015397,217.97820000028878,2247.0292883
priority_aging,8,1,standard-006,standard,108.19369999990158,109.65329999999085,218.00819999998566,2247.0293455
priority_aging,8,1,batch-009,batch,433.85380000017904,108.34010000007765,542.5758999999744,2247.3539437
priority_aging,8,1,critical-003,critical,1.1403000003156194,106.30750000018452,108.04150000012669,2246.9194386
priority_aging,8,1,batch-006,batch,433.8375000002088,108.34590000013122,542.549599999802,2247.3539736
priority_aging,8,1,standard-008,standard,108.09840000001714,109.70359999964785,217.95049999991534,2247.0294025
priority_aging,8,1,standard-002,standard,108.08750000023792,109.75430000007691,217.97849999984464,2247.0294601
priority_aging,8,1,standard-007,standard,217.439099999865,107.72330000008878,325.8114000000205,2247.1373594
priority_aging,8,1,critical-006,critical,1.0131999997611274,106.30670000000464,107.88499999989654,2246.9194631
priority_aging,8,1,batch-014,batch,433.6961000003612,108.34320000003572,542.3900999999205,2247.3539954
priority_aging,8,1,critical-008,critical,1.0091000003740191,106.3067999998566,107.85430000032648,2246.9194873
priority_aging,8,1,batch-002,batch,433.6770999998407,108.33929999989778,542.355999999927,2247.354016
priority_aging,8,1,critical-004,critical,1.0044999999081483,106.30619999983537,107.82330000029106,2246.91951
priority_aging,8,1,standard-014,standard,217.38449999975273,107.82680000011169,325.7992999997441,2247.1375126
priority_aging,8,1,standard-019,standard,217.4286999998003,107.89829999976064,325.8730000002288,2247.1376135
priority_aging,8,1,standard-010,standard,217.46519999987868,108.07500000009895,326.05119999971066,2247.1378188
priority_aging,8,1,critical-002,critical,0.9457999999540334,106.30499999979293,107.7381999998579,2246.9195314
priority_aging,8,1,standard-017,standard,217.4696000001859,108.10589999982767,326.05629999989105,2247.1378777
priority_aging,8,1,standard-015,standard,217.49799999997776,108.12839999971402,326.074300000073,2247.1379243
priority_aging,8,1,critical-001,critical,0.9044000003086694,106.30220000030022,107.6706999997441,2246.919551
priority_aging,8,1,critical-007,critical,0.9218000000146276,106.29840000001423,107.66140000032465,2246.9195696
priority_aging,8,1,standard-003,standard,217.47039999991102,108.15070000035121,326.0350999998991,2247.1379702
priority_aging,8,1,standard-000,standard,217.4993000003269,108.17320000023756,326.0522000000492,2247.1380156
priority_aging,8,1,standard-005,standard,325.3678000000946,106.81769999973767,432.9819999998108,2247.2449871
priority_aging,8,1,standard-004,standard,325.49040000003515,106.86660000010306,433.0507000004218,2247.2450821
priority_aging,8,1,batch-008,batch,541.7067000003044,108.44070000030115,650.5047999999078,2247.4625627
priority_aging,8,1,standard-018,standard,325.59889999993175,106.89349999984188,433.05129999998826,2247.2451363
priority_aging,8,1,standard-011,standard,325.711400000273,106.91019999967466,433.06680000023334,2247.2451786
priority_aging,8,1,standard-013,standard,325.74269999986427,106.92760000029011,433.0819999995583,2247.2452197
priority_aging,8,1,batch-010,batch,541.6654999999082,108.42580000007729,650.420099999792,2247.4625929
priority_aging,8,1,batch-000,batch,541.6801000001215,108.40659999985292,650.4018000000542,2247.4626015
priority_aging,8,1,standard-012,standard,325.69980000016585,106.94439999997485,433.0326999997851,2247.2452596
priority_aging,8,1,critical-000,critical,107.13329999998678,109.33279999972001,216.72239999998055,2247.0289756
priority_aging,8,1,batch-012,batch,541.6321999996399,108.38869999997769,650.3271999999924,2247.4626086
priority_aging,8,1,batch-013,batch,541.6358000002219,108.37070000025051,650.3053000001273,2247.4626152
priority_aging,8,2,standard-008,standard,123.60529999978098,106.83879999987766,231.29690000041592,2247.6942557
priority_aging,8,2,batch-004,batch,340.78820000013366,108.82260000016686,449.70199999988836,2247.9126757
priority_aging,8,2,critical-000,critical,14.864300000226649,108.39090000035867,123.43590000000404,2247.5864164
priority_aging,8,2,critical-001,critical,14.884599999732018,108.52169999998296,123.57289999999921,2247.5865589
priority_aging,8,2,standard-000,standard,123.66149999979825,106.82360000009794,231.2781000000541,2247.6942689
priority_aging,8,2,batch-012,batch,340.7753000001321,108.82549999996627,449.68629999993937,2247.9126825
priority_aging,8,2,standard-020,standard,123.72319999985848,106.80900000033944,231.27860000022338,2247.6942803
priority_aging,8,2,batch-011,batch,449.59659999994983,110.3038999999626,560.0153999998838,2248.0230226
priority_aging,8,2,critical-006,critical,14.870500000142783,108.60460000003513,123.63550000009127,2247.5866477
priority_aging,8,2,critical-008,critical,14.87639999959356,108.67400000006455,123.70400000008885,2247.5867213
priority_aging,8,2,standard-007,standard,123.77250000008644,106.75700000001598,231.26919999958773,2247.694291
priority_aging,8,2,critical-007,critical,14.877900000101363,108.73939999964932,123.7647999996625,2247.5867909
priority_aging,8,2,standard-005,standard,123.87280000029932,106.75149999997302,231.27009999961956,2247.6943008
priority_aging,8,2,batch-008,batch,449.6006999997917,110.33679999991364,560.037100000045,2248.0230722
priority_aging,8,2,standard-015,standard,124.07309999980498,106.75639999999476,231.2713999999687,2247.6943109
priority_aging,8,2,standard-004,standard,124.14510000007795,106.76100000000588,231.27560000011727,2247.6943199
priority_aging,8,2,batch-010,batch,449.59719999997105,110.3570000000218,560.0493000001734,2248.0230978
priority_aging,8,2,standard-006,standard,231.16950000030556,109.31219999974928,340.6172999998489,2247.8036703
priority_aging,8,2,batch-007,batch,449.5965000000979,110.36379999995916,560.051100000237,2248.0231087
priority_aging,8,2,standard-002,standard,231.19489999999132,109.33729999987918,340.6509000001279,2247.8037126
priority_aging,8,2,standard-018,standard,231.20319999998173,109.3434000003981,340.6580999999278,2247.8037242
priority_aging,8,2,critical-005,critical,14.842800000224088,108.84489999989455,123.82879999995566,2247.5869
priority_aging,8,2,batch-002,batch,449.5858999998745,110.36960000001272,560.0427999997919,2248.0231185
priority_aging,8,2,batch-014,batch,449.5883999998114,110.37409999971715,560.047399999803,2248.0231274
priority_aging,8,2,batch-000,batch,449.5916999999281,110.30799999980445,560.0494999998773,2248.0231341
priority_aging,8,2,standard-011,standard,231.1917000001813,109.34910000014497,340.64489999991565,2247.8037338
priority_aging,8,2,standard-003,standard,231.19829999996,109.35410000001866,340.6506999999692,2247.8037437
priority_aging,8,2,standard-019,standard,231.20380000000296,109.35879999988174,340.65519999967364,2247.8037526
priority_aging,8,2,standard-016,standard,231.20969999990848,109.36399999991409,340.6602000000021,2247.8037618
priority_aging,8,2,standard-013,standard,231.2102999999297,109.36989999981961,340.6614000000445,2247.8037713
priority_aging,8,2,batch-005,batch,449.5686999998725,110.2707999998529,560.0263000001178,2248.0231404
priority_aging,8,2,batch-006,batch,559.9131999997553,107.00969999970766,667.0773999999255,2248.1301958
priority_aging,8,2,critical-002,critical,14.799999999922875,109.04630000004545,123.98200000006909,2247.5871062
priority_aging,8,2,batch-003,batch,559.9451000002773,107.0121000002473,667.0921999998427,2248.1302206
priority_aging,8,2,batch-001,batch,559.965899999952,107.01000000017302,667.0933999998852,2248.1302262
priority_aging,8,2,standard-012,standard,340.53999999969164,108.78509999974995,449.45949999964796,2247.9125965
priority_aging,8,2,standard-009,standard,340.5715999997483,108.80619999988994,449.49339999993754,2247.9126352
priority_aging,8,2,critical-003,critical,14.78769999994256,109.12230000030831,124.03919999997015,2247.5871852
priority_aging,8,2,standard-017,standard,340.5745999998544,108.81030000018654,449.4952000000012,2247.9126452
priority_aging,8,2,batch-009,batch,559.9554999998873,107.0079999999507,667.0766999995976,2248.1302306
priority_aging,8,2,batch-013,batch,559.9611999996341,107.00510000015129,667.0768999997563,2248.1302348
priority_aging,8,2,standard-001,standard,340.57099999972706,108.81430000017644,449.4904000002862,2247.9126537
priority_aging,8,2,standard-010,standard,340.5758999997488,108.81700000027195,449.492900000223,2247.9126612
priority_aging,8,2,critical-004,critical,123.25779999991937,106.84700000001612,231.0435999997935,2247.6942159
priority_aging,8,2,standard-014,standard,340.57549999988623,108.81949999975404,449.4905000001381,2247.912668
priority_aging,8,3,standard-006,standard,121.92900000036389,109.46539999986271,231.6201000003275,2248.3623298
priority_aging,8,3,standard-002,standard,121.92969999978231,109.52110000016546,231.65460000018356,2248.3623938
priority_aging,8,3,batch-007,batch,339.47429999989254,107.75539999985995,447.3201999999219,2248.5780706
priority_aging,8,3,standard-000,standard,121.93090000027951,109.5709999999599,231.69180000013512,2248.3624509
priority_aging,8,3,batch-013,batch,339.4682999996803,107.78890000028696,447.34169999992446,2248.5781084
priority_aging,8,3,standard-020,standard,121.93250000018452,109.61920000045211,231.72810000005484,2248.3625059
priority_aging,8,3,batch-009,batch,446.9771999997647,107.66250000006039,555.1299999997354,2248.685916
priority_aging,8,3,batch-005,batch,447.0590999999331,107.70349999984319,555.2139000001262,2248.6860078
priority_aging,8,3,standard-016,standard,121.92850000019462,109.66409999991811,231.75679999985732,2248.3625577
priority_aging,8,3,batch-011,batch,447.0990999998321,107.72169999972903,555.2496999998766,2248.6860573
priority_aging,8,3,batch-000,batch,447.14010000006965,107.7330000002803,555.2849000000606,2248.6860986
priority_aging,8,3,standard-018,standard,121.92709999999352,109.71320000044216,231.7920000000413,2248.3626129
priority_aging,8,3,critical-006,critical,15.03580000007787,106.28960000030929,121.64329999995971,2248.2524709
priority_aging,8,3,standard-012,standard,121.9307999999728,109.76009999967573,231.8307000000459,2248.3626656
priority_aging,8,3,batch-012,batch,447.15299999961644,107.74309999987963,555.2949000002627,2248.686137
priority_aging,8,3,standard-014,standard,231.38610000023618,107.28229999995165,339.26289999999426,2248.4701121
priority_aging,8,3,standard-015,standard,231.47770000014134,107.28840000001583,339.3126000000848,2248.4701694
priority_aging,8,3,critical-001,critical,15.0220000000445,106.35560000037003,121.77080000037677,2248.252636
priority_aging,8,3,standard-009,standard,231.52459999982966,107.27459999998246,339.31429999984175,2248.4701872
priority_aging,8,3,batch-010,batch,447.15339999993375,107.75210000019797,555.2907000001142,2248.6861714
priority_aging,8,3,batch-014,batch,447.1862999998848,107.75029999967956,555.3060000002006,2248.6861941
priority_aging,8,3,critical-003,critical,15.005000000201107,106.3109000001532,121.77329999985886,2248.252668
priority_aging,8,3,batch-004,batch,447.2098000001097,107.74930000025051,555.314400000043,2248.686216
priority_aging,8,3,standard-008,standard,231.545499999811,107.2570999999698,339.2883999999867,2248.4701972
priority_aging,8,3,standard-007,standard,231.59270000041943,107.24029999983031,339.28960000002917,2248.4702061
priority_aging,8,3,critical-005,critical,14.98570000012478,106.29950000020472,121.76510000017515,2248.2526899
priority_aging,8,3,batch-003,batch,554.997899999762,107.0665000002009,662.465599999905,2248.7933969
priority_aging,8,3,critical-004,critical,14.983699999902456,106.29280000011931,121.77259999998569,2248.2527099
priority_aging,8,3,standard-017,standard,231.6181000001052,107.22510000005059,339.27310000035504,2248.4702163
priority_aging,8,3,standard-001,standard,231.66679999985718,107.21039999998538,339.2753000002813,2248.4702249
priority_aging,8,3,critical-008,critical,14.976800000113144,106.28790000009758,121.7741999998907,2248.252729
priority_aging,8,3,standard-005,standard,231.70840000011594,107.19690000041737,339.27429999994274,2248.4702348
priority_aging,8,3,standard-013,standard,339.15640000032,107.4733999998898,446.78360000034445,2248.5777495
priority_aging,8,3,batch-001,batch,555.0398999998833,107.12480000029245,662.5356999998075,2248.7935085
priority_aging,8,3,batch-008,batch,555.0815999999941,107.15859999982058,662.5936000000365,2248.793573
priority_aging,8,3,standard-019,standard,339.18339999991076,107.55470000003697,446.86100000035367,2248.5778481
priority_aging,8,3,critical-007,critical,14.947300000130781,106.28350000024511,121.7533000003641,2248.2527475
priority_aging,8,3,standard-004,standard,339.1862999997102,107.60490000029677,446.9017999999778,2248.577903
priority_aging,8,3,critical-002,critical,14.943599999696744,106.2779000003502,121.75780000006853,2248.2527654
priority_aging,8,3,critical-000,critical,121.47649999997157,109.38420000002225,231.20909999988726,2248.362223
priority_aging,8,3,standard-003,standard,339.17299999984607,107.64759999983653,446.92540000005465,2248.57795
priority_aging,8,3,batch-006,batch,555.0715999997919,107.16039999988425,662.5739000000976,2248.7936045
priority_aging,8,3,standard-011,standard,339.16880000015226,107.68540000026405,446.95420000016384,2248.577992
priority_aging,8,3,standard-010,standard,339.1716000000997,107.72019999967597,446.9861000002311,2248.5780312
priority_aging,8,3,batch-002,batch,555.0881999997728,107.15620000019044,662.5774999997702,2248.7936296
